cell,n,med_ffh,flagged,lat,lon,med_ground,med_w
8844184925fffff,228,1.707315878243545,0.3026315789473684,27.92375550724445,-82.84159482132462,4.967330477734407,2.051813502440297
8844184927fffff,40,2.8861572128919293,0.5,27.93025243405944,-82.84173879061997,5.479351147661607,9.35643940587456
884418492dfffff,190,1.559526373579848,0.3157894736842105,27.915953497404377,-82.84398556051318,3.601180476397276,2.6324719482845276
8844184965fffff,281,1.847827993954851,0.38434163701067614,27.90185611696984,-82.84634720465382,3.6658687908450767,4.247046624090952
8844184967fffff,20,3.2554341419225556,0.55,27.908721901328413,-82.84712617231844,6.457242392947277,8.354301826375838
884418496dfffff,108,2.25863525692263,0.49074074074074076,27.89444501686825,-82.84885356007159,4.4799197498460614,9.11702543165487
88441a16d9fffff,71,1.7096745007507268,0.15492957746478872,28.143227395760164,-82.6692166365607,22.841841840346657,2.742824188582322
88441a16dbfffff,6,1.6304368616365394,0.0,28.14899521925942,-82.67442321956608,22.432702140609422,2.830015692558388
88441a16ddfffff,13,1.681033833640193,0.07692307692307693,28.141647506239376,-82.66395435495588,26.738809188206993,2.858472404193365
88441a8001fffff,31,1.6356253140801469,0.3548387096774194,27.851010671218628,-82.65948780003427,7.469286366502445,3.6949583429027246
88441a8005fffff,302,1.2818368063432592,0.07947019867549669,27.851561621905603,-82.65320744694426,6.119608177493017,1.8022635397679863
88441a8007fffff,1,1.3486429525577122,0.0,27.862378430042863,-82.65340982439673,5.951132505138715,6.470316402896349
88441a800bfffff,12,9.800352579455069,0.9166666666666666,27.85141704489631,-82.67286122564511,9.814783895611765,18.27180806263417
88441a800dfffff,177,1.3751942725837083,0.02824858757062147,27.84486154526869,-82.6565795963727,6.58580728173256,2.224021386726018
88441a8011fffff,60,1.8842444938339957,0.03333333333333333,27.86731201555259,-82.68219516493475,12.04276116847992,2.376774438514991
88441a8019fffff,691,1.246677814740509,0.002894356005788712,27.862503935688206,-82.68382784598928,11.949329901337624,1.545444370682044
88441a801bfffff,327,1.5873970183746473,0.0,27.867538549944733,-82.68724896345061,12.213329452474913,2.2092141045031615
88441a8021fffff,177,1.4555579586407665,0.096045197740113,27.857517760864265,-82.63918993378574,5.14631457656622,1.6965924278226756
88441a8023fffff,90,5.080656620459454,0.7666666666666667,27.86559450357992,-82.64277282516127,5.81075778529048,18.875430337403415
88441a8025fffff,226,1.7474162747905775,0.17256637168141592,27.858210967673852,-82.63320261764915,4.143401750375827,1.587612953203001
88441a8027fffff,78,3.1073899370294797,0.5128205128205128,27.866355586011966,-82.6356456234032,5.280775776555141,11.184096803309439
88441a8029fffff,487,1.152390304148139,0.04722792607802875,27.852082666943275,-82.6443987527904,5.904850216805936,1.6482185845233097
88441a802bfffff,20,3.6569581760244,0.6,27.857905667925614,-82.64952910186479,6.450250398814678,16.104092889380603
88441a802dfffff,409,1.2389506738923943,0.0488997555012225,27.85128605487606,-82.63612884897107,4.108798468212287,1.6538097182655989
88441a8033fffff,234,3.028638883831483,0.5170940170940171,27.88415613121467,-82.65890768741791,7.2310833724339805,12.301084104261598
88441a8035fffff,70,2.6454708953226076,0.4142857142857143,27.87455756005631,-82.64537589086225,5.719292411506176,12.918755263096937
88441a8037fffff,69,7.50965882245882,0.6956521739130435,27.881011884882817,-82.65146800669436,7.321418645977975,13.665854309550326
88441a803dfffff,12,1.8711575135064582,0.3333333333333333,27.863632879584998,-82.65213637105316,6.451753613998493,6.155431575594276
88441a8041fffff,368,1.345254225727146,0.035326086956521736,27.83127657695409,-82.66862601258279,15.835018539826077,1.865114806949083
88441a8043fffff,3,2.1032584592822934,0.3333333333333333,27.837328551393863,-82.67604240095068,7.687378699779511,2.4703262108116144
88441a8045fffff,513,1.2080842510630323,0.009746588693957114,27.831696801809468,-82.65960281569475,10.820995112657547,1.5271660958189321
88441a8047fffff,247,1.2303253221257757,0.008097165991902834,27.838360115055746,-82.66162575053787,7.5200495541095735,1.5675743193627514
88441a8049fffff,98,2.037432310114343,0.14285714285714285,27.828128639357537,-82.67325959524645,22.179241326649986,2.3031336031970624
88441a804bfffff,312,1.519933672350858,0.028846153846153848,27.8321000818163,-82.67609220906448,16.557024115125337,2.2601323387760814
88441a804dfffff,20,1.4755663937767456,0.35,27.826770269008016,-82.66233236449396,15.321585782368977,8.874145343840508
88441a8051fffff,726,1.6533430556147932,0.04132231404958678,27.847441734760224,-82.68404510853848,11.391720569233101,2.7861427089392428
88441a8053fffff,445,1.6704473936977595,0.015730337078651686,27.854877707130896,-82.6887916075854,12.542531035542488,2.172678390633556
88441a8055fffff,47,2.980436172278465,0.48936170212765956,27.847311239508503,-82.6786799339224,11.476750492453576,5.195451521857722
88441a8057fffff,206,2.015286097623509,0.07766990291262135,27.855651021850147,-82.68206069463244,11.668510062595209,2.2970020269786944
88441a8059fffff,160,1.2831792683296956,0.0875,27.84112824382853,-82.6905880395974,15.189022814432782,1.6995954952479493
88441a805bfffff,393,1.2029383953734216,0.005089058524173028,27.847047013704675,-82.69423810744019,14.02572864174843,1.6641185314516884
88441a805dfffff,314,1.4587312775880892,0.1337579617834395,27.840473031295687,-82.6805762152375,15.490732005635898,2.8479353654728783
88441a8061fffff,401,1.100733803426304,0.00997506234413965,27.838008244413647,-82.6460388903367,6.002584038972855,1.5312747251596264
88441a8063fffff,362,1.1644058341249277,0.04419889502762431,27.844923986048563,-82.65084395346123,6.092906992683808,1.543656849915323
88441a8065fffff,404,1.5253786052074003,0.12623762376237624,27.83671527169012,-82.63664768690117,5.832110402584076,2.125914369285446
88441a8067fffff,316,1.3138182264699316,0.11708860759493671,27.844885781316567,-82.64063379379971,5.76495636155208,1.766781874162551
88441a8069fffff,461,1.1411994914544914,0.0,27.830791147379667,-82.65136836251007,7.178518751462301,1.521264788665337
88441a806bfffff,543,1.124659425800592,0.007366482504604052,27.838220062860085,-82.65443416694475,6.803363800048828,1.5245464878289918
88441a806dfffff,446,1.2007706187246887,0.02914798206278027,27.830204160202538,-82.64235018735232,6.23187842488289,1.5658458400698092
88441a8085fffff,4,1.6727840007514327,0.0,27.902230128653677,-82.67816756187715,6.2773982524375125,4.2150411941671955
88441a8091fffff,119,4.979326903164758,0.773109243697479,27.923575347762725,-82.7056579226242,6.959867136875789,18.152722211007593
88441a8093fffff,227,2.1166116028741535,0.2555066079295154,27.926883993504983,-82.7108877895155,7.3056195356448494,6.0322312367168305
88441a8095fffff,44,2.51266760932181,0.29545454545454547,27.92068706074231,-82.7002365785202,5.016131487488747,3.197140600398284
88441a8099fffff,287,1.3325574295879783,0.024390243902439025,27.913241833119333,-82.71038963621514,14.777474685112637,2.0340520122855406
88441a809bfffff,316,1.8798486018889085,0.2468354430379747,27.922641190280093,-82.71476746132807,10.722540482481321,3.223599820381474
88441a809dfffff,54,1.958056060535176,0.07407407407407407,27.91544141541019,-82.70386090580567,9.875498379468919,2.959742164449873
88441a80a9fffff,300,1.8704325784841598,0.17333333333333334,27.905379862359343,-82.67320533500754,6.351475061873595,3.4116108967298118
88441a80adfffff,54,3.9519350882394524,0.6296296296296297,27.903628201908916,-82.66483522670417,4.818544049660365,7.9953112949635905
88441a80c1fffff,3,3.0995241269191944,0.6666666666666666,27.885982018453216,-82.69542030952852,12.11217697441578,5.942467353611152
88441a80c3fffff,6,3.7753354434180704,0.6666666666666666,27.892916320397177,-82.7005933644523,14.389936541517576,13.902300632296484
88441a80d1fffff,13,3.5295083011585744,0.5384615384615384,27.902390386123987,-82.71378293904215,16.06451786518097,6.521848212103336
88441a80d3fffff,179,1.6427177751061985,0.061452513966480445,27.90695943806218,-82.71395034494756,15.741281427939734,2.4971420693836546
88441a80d7fffff,262,1.3010468319409156,0.022900763358778626,27.908148660053545,-82.70858102917165,8.355985425412655,1.6971634957983361
88441a80d9fffff,129,1.3274864286975057,0.031007751937984496,27.895220768789777,-82.71872070602652,16.711348992586135,1.884912326656797
88441a80dbfffff,160,1.3708315252819872,0.0375,27.898921329891344,-82.7188941902506,15.897525852719944,1.9130658902365898
88441a80e3fffff,236,1.8524784280164113,0.09745762711864407,27.898968835707027,-82.67581224859543,5.912293155938388,2.5229388635941117
88441a80e5fffff,27,9.326570701001366,1.0,27.889552578169972,-82.66048020121924,8.183175714015961,12.905037301678181
88441a80e7fffff,263,2.2235444699455242,0.33840304182509506,27.8974127236468,-82.66779198227927,5.787418741583824,6.120202745540512
88441a8109fffff,1,3.590774358113295,1.0,27.84009160002596,-82.6107006093023,7.289115652640661,16.736593694639215
88441a8111fffff,201,3.2893018822904323,0.527363184079602,27.865211075101232,-82.61739932304555,4.759447961648306,7.891512991479355
88441a8113fffff,99,2.26980143734865,0.3333333333333333,27.87330285985572,-82.62438967123498,7.481154863437017,4.141723161207904
88441a8117fffff,7,5.81959991466843,0.5714285714285714,27.87105708042265,-82.61337567610168,3.6996873191992443,5.388607859517961
88441a8119fffff,15,5.731964430304572,0.9333333333333333,27.85511611032372,-82.62477555044246,4.047184440990289,9.371654606850647
88441a811bfffff,52,1.542421460944774,0.11538461538461539,27.867647603999618,-82.62885250987185,4.660828871478637,1.9100528404395032
88441a8141fffff,200,1.462440651551507,0.15,27.826403944163857,-82.60893626689194,3.4127992782493433,1.858883867680428
88441a8143fffff,383,1.8607887191721473,0.17493472584856398,27.834489533486266,-82.61163397972955,5.4443743594487515,2.9110071237880657
88441a8145fffff,29,3.3808271629422006,0.5517241379310345,27.823426891279272,-82.5996435851445,3.2442401048044367,8.912521680900827
88441a8149fffff,322,1.743677115397554,0.18012422360248448,27.820359182847913,-82.61175131036806,4.2642434727152185,1.7757328616919636
88441a814bfffff,128,1.775915236586747,0.03125,27.828642017602142,-82.6131122848408,5.837902679642042,2.0965782615432316
88441a814dfffff,520,1.5407579776098816,0.2519230769230769,27.81955916891374,-82.60332364820934,3.0936025729278724,1.7474745469254747
88441a8151fffff,236,3.0545221817476538,0.5296610169491526,27.844862457461677,-82.62373674506372,5.630968790700038,4.6203369155302
88441a8153fffff,192,2.716152996631676,0.421875,27.850275188159767,-82.62868899547391,5.575355891038974,2.4252743630877687
88441a8155fffff,70,2.3321748869534997,0.22857142857142856,27.840970452335984,-82.6150291756811,6.924463065564632,3.0040831865165196
88441a8157fffff,2,5.977122289078511,0.5,27.846041238140906,-82.61835623727376,4.016637121637663,11.746170130298491
88441a8159fffff,434,1.9296614071319578,0.17972350230414746,27.83714705539122,-82.63025265265183,4.622150853425264,1.9144018476460216
88441a815bfffff,289,1.3204911987206187,0.12110726643598616,27.844068868384397,-82.63332717401076,4.291286875108878,1.5751994261123965
88441a815dfffff,49,1.810835417749653,0.14285714285714285,27.838080084914605,-82.61748762231419,7.0854574704170235,2.077219213310533
88441a81c1fffff,85,2.8855372843064613,0.4823529411764706,27.877712585337164,-82.63452216853823,6.9511040200789775,11.512253238541657
88441a81c5fffff,42,2.3084053365247015,0.2619047619047619,27.876306021943805,-82.62565730959575,7.470955606102944,2.5449238166670867
88441a81c9fffff,112,4.135151747527885,0.6785714285714286,27.87419649530238,-82.63936849336342,6.397269836813212,14.485436049485973
88441a81cbfffff,159,2.7981730331088572,0.4716981132075472,27.879056240968897,-82.64326545686518,5.762406742771467,12.063944621041173
88441a81cdfffff,399,1.6498323614699926,0.17042606516290726,27.872979660485484,-82.62953017608882,6.032103923360507,2.3115558559329834
88441a81d9fffff,61,7.334710497351989,0.8524590163934426,27.887469093465562,-82.65865585447547,7.620645879705747,19.040319133407003
88441a81dbfffff,84,3.3734174443849185,0.6428571428571429,27.897052022957165,-82.66191206133746,6.765508668621381,9.153431939717777
88441a8201fffff,409,1.3296398296248413,0.019559902200488997,27.804976583151124,-82.69523358472757,51.887138099670416,1.6348744983525285
88441a8203fffff,395,1.527734517670799,0.05822784810126582,27.812350298755614,-82.70039330237864,42.37342980384827,2.0103104272710253
88441a8205fffff,587,1.2456856858747196,0.013628620102214651,27.803751839624955,-82.68756532031601,51.87793929100037,1.6488425419711104
88441a8207fffff,438,1.4136213647515243,0.045662100456621,27.812175414465912,-82.69137560784931,44.088988847732544,1.8733033135423824
88441a8209fffff,28,1.9807885509743226,0.07142857142857142,27.799108331393395,-82.70482446198334,35.29484015146892,1.6522564134906221
88441a820bfffff,562,1.3640831152252655,0.021352313167259787,27.805165588936106,-82.7049473086709,30.8020966287454,1.5799302470519498
88441a820dfffff,228,1.2753592698024043,0.0043859649122807015,27.799254693787656,-82.69133853612439,54.3660918823878,1.5509169917446983
88441a8211fffff,464,1.1749062672335588,0.04310344827586207,27.820071235370357,-82.71278513059855,20.82273306131363,1.5294358491655633
88441a8213fffff,493,1.2863279905089462,0.0486815415821501,27.827691726179946,-82.71619486332814,15.832294878959656,1.7939714942990896
88441a8215fffff,276,1.3251473646071277,0.014492753623188406,27.82005789417875,-82.70582328375532,28.807308373451235,1.5911896421507286
88441a8217fffff,456,1.2630899968146343,0.14473684210526316,27.827089021411386,-82.70841182414081,19.381534743706386,1.6690222988719627
88441a8219fffff,549,1.1235976936365053,0.0018214936247723133,27.81339111383582,-82.71746756888236,17.981928182442985,1.4984484231606179
88441a821bfffff,436,1.225819933474817,0.02522935779816514,27.820967029085892,-82.7209380018534,18.836785361766815,1.5400069321793977
88441a821dfffff,574,1.4008793773956663,0.013937282229965157,27.813294033823386,-82.7081363285573,26.450054203669232,1.5833484467062573
88441a8221fffff,318,1.4469625500122743,0.02830188679245283,27.808428633346114,-82.67337796069945,46.26564443389575,2.057948430157368
88441a8223fffff,216,1.2756358644089594,0.05092592592592592,27.817313286666188,-82.67832420708486,48.09499962449074,1.7221540399375193
88441a8225fffff,436,1.4795396161547707,0.013761467889908258,27.809113563020244,-82.66481042620025,46.651354548931124,1.9356716906449494
88441a8227fffff,284,1.3949199795030327,0.06338028169014084,27.816275578503422,-82.66860142117795,47.293127895991006,2.207204784712217
88441a8229fffff,39,1.4259177511572678,0.02564102564102564,27.805570985187376,-82.67943506952574,51.27052693605423,2.116567139555233
88441a822bfffff,190,1.4164448665667217,0.04736842105263158,27.810997479973913,-82.68463195823647,49.32519792159398,2.038517247579209
88441a822dfffff,297,1.4573783049473696,0.030303030303030304,27.80500564243322,-82.6697240881566,49.38774982055028,1.9471715254511202
88441a8231fffff,411,1.7997861097652543,0.15085158150851583,27.824922207818698,-82.69008831984632,43.71133707682292,2.6669547139828875
88441a8233fffff,612,1.316217281289653,0.024509803921568627,27.834557112371957,-82.69453770217976,16.997070560455324,2.123959467034428
88441a8235fffff,147,1.5407609270203615,0.08163265306122448,27.82403333961714,-82.6837100726577,49.00435348749161,2.451916223525199
88441a8237fffff,178,1.2253250023968283,0.03932584269662921,27.833066918827285,-82.68596139642723,17.281158870458604,1.7059803091485892
88441a8239fffff,444,1.3052285662833691,0.033783783783783786,27.819294952997662,-82.69596170167286,48.32311130642891,1.5864375992978796
88441a823bfffff,98,1.885598651593459,0.12244897959183673,27.82399963384297,-82.69703008704492,38.131414829889934,1.7501826642017329
88441a823dfffff,467,1.494498597577518,0.06423982869379015,27.818594914598265,-82.6859716041295,44.69301891962687,2.262988170731885
88441a8243fffff,293,1.2388998012135601,0.0,27.790580493971362,-82.70785198605385,22.689380973180135,1.5505600845225729
88441a8245fffff,431,1.409924932746656,0.016241299303944315,27.783096449699308,-82.69225202842728,51.153542494773866,1.6975346892619407
88441a8247fffff,111,1.1704611678303598,0.018018018018018018,27.788220163676957,-82.6945893626328,51.86011738141378,1.5299411784126837
88441a8249fffff,2,1.2860096391109626,0.0,27.774148578862263,-82.71085716248254,18.603832572102547,1.5809040561264927
88441a824bfffff,244,1.2014166247676505,0.00819672131147541,27.78595542708378,-82.711774284408,20.89739046732585,1.5619998861480906
88441a8251fffff,571,1.1539483013025456,0.0017513134851138354,27.798700305577682,-82.71829664390651,17.10045703490575,1.5205840044555456
88441a8253fffff,501,1.14119320672997,0.03792415169660679,27.806411925837413,-82.72168034517706,16.762413331667585,1.51799210055173
88441a8255fffff,653,1.2128587659748953,0.006125574272588055,27.798207220769047,-82.7094837740814,20.187173603375754,1.5146896305342492
88441a8257fffff,410,1.1987358205231278,0.00975609756097561,27.805684967228373,-82.71384492038482,18.018863433003425,1.514247503658158
88441a8259fffff,429,1.2144725558398215,0.002331002331002331,27.792199751068356,-82.72238714648752,18.1118050356706,1.5948393319893976
88441a825bfffff,527,1.1888534864010534,0.007590132827324478,27.799555134442866,-82.72690919773012,18.003587622245153,1.5400697497098532
88441a825dfffff,466,1.2035718446558072,0.015021459227467811,27.790572541628062,-82.71434553433342,18.436252336502076,1.516757489533606
88441a8261fffff,175,1.2420364207715582,0.005714285714285714,27.78827184691627,-82.68214167633337,50.084396877288825,1.6035345850360283
88441a8263fffff,106,1.189603591135683,0.018867924528301886,27.79690188646976,-82.68432287181093,51.11774536212286,1.5389703217417392
88441a8265fffff,478,1.816009430133318,0.056485355648535567,27.78693950611366,-82.67012434692788,49.507811482350036,2.5044869466382185
88441a8267fffff,143,1.3443368578498522,0.06293706293706294,27.794137309850772,-82.67314051122031,49.88806488911311,1.7833120417546615
88441a8269fffff,479,1.3869996324348246,0.04592901878914405,27.781984936394803,-82.68460555892962,46.223112459182744,2.076880852470233
88441a826bfffff,344,1.2008885572512078,0.005813953488372093,27.789015615673776,-82.68820911490506,49.953421798944476,1.513465777352542
88441a826dfffff,522,1.8967819160082189,0.028735632183908046,27.781470256850593,-82.67502685077697,48.96901003758113,2.7430126301425086
88441a8281fffff,158,2.249054813954153,0.3037974683544304,27.856656139645832,-82.72352077777398,14.252364290356638,3.9274331689278297
88441a8283fffff,167,1.4439105367446783,0.12574850299401197,27.863885721786513,-82.72603292986854,15.92371351559957,2.0440456738621533
88441a8285fffff,496,1.2148033899620154,0.05846774193548387,27.856425606852085,-82.71372743949738,12.516416118343672,1.565408616667766
88441a8287fffff,545,1.3742866925845456,0.060550458715596334,27.86445021808549,-82.71886406314506,15.890880964994432,2.093458021459952
88441a8289fffff,263,1.6434089788037824,0.19391634980988592,27.849438034996396,-82.72850847727827,10.902174599170685,2.6180831031223866
88441a828bfffff,380,1.943298004863078,0.07894736842105263,27.859628098640496,-82.73271408004308,14.747316516041757,1.9149607776464708
88441a828dfffff,256,1.5170319366406895,0.0703125,27.848774851016863,-82.71790872530649,14.549134597380956,2.0926155447661303
88441a8293fffff,252,1.4702778460782675,0.027777777777777776,27.880717082946013,-82.74116760061756,15.306678393284482,2.5389009612701443
88441a8295fffff,74,1.7815518079324861,0.21621621621621623,27.871786873268338,-82.72855462164733,7.781635591288408,2.3637490406598145
88441a8297fffff,493,1.6373224824366959,0.11156186612576065,27.881411099139854,-82.73481242922529,14.416950219869614,2.5580713493740723
88441a8299fffff,105,1.8511438056283047,0.0380952380952381,27.86416647844579,-82.74456603607875,12.23868327776591,4.7714972310602235
88441a829dfffff,215,2.2398754504640532,0.2372093023255814,27.862558618153905,-82.73542960748355,8.43617267648379,1.8529394827509893
88441a82a1fffff,525,1.3425857535810894,0.0019047619047619048,27.862467296119384,-82.70211870698596,12.674669262568157,1.5753410118181495
88441a82a3fffff,130,1.8701501689112516,0.1076923076923077,27.868881235330644,-82.7075501256844,14.135610601504645,3.7516322620463387
88441a82a5fffff,684,1.2544113094914442,0.0043859649122807015,27.862374947465522,-82.69276604138099,12.075682891209922,1.4941473046499556
88441a82a7fffff,164,1.3908065640544587,0.0,27.86765664277265,-82.69467050053468,12.083909019728502,1.718063808792478
88441a82a9fffff,729,1.2264351980464947,0.009602194787379973,27.85633480834547,-82.7059980261759,12.795799425443015,1.5112802610974105
88441a82abfffff,573,1.271176096736238,0.02268760907504363,27.86325515412851,-82.70952618295635,13.613479650815329,1.6268552732906874
88441a82adfffff,177,1.2229349044992042,0.096045197740113,27.856325661158102,-82.69634406217172,12.380968353947004,1.5138876437269877
88441a82b1fffff,137,1.9371486870978643,0.1897810218978102,27.876157065048016,-82.71647084535273,10.549776530464491,2.8371020978277075
88441a82b3fffff,7,1.2099299612396492,0.0,27.88578837414605,-82.72192407299056,17.5395390133063,1.5382189982514722
88441a82b5fffff,31,1.9841767244311137,0.3225806451612903,27.87671492798773,-82.71229995488218,13.046078202525775,3.28955607115298
88441a82b9fffff,625,1.4959551194979013,0.032,27.871680160718125,-82.72205695446276,12.981653688947361,2.077743613794472
88441a82bbfffff,36,3.319548175612508,0.5833333333333334,27.881630371022272,-82.72964613779088,15.956185466647149,17.88102265177998
88441a82bdfffff,382,1.8326019646438847,0.12827225130890052,27.871031743878607,-82.71359234845202,15.898243140776952,2.8442125071834647
88441a82c1fffff,415,1.3702327902094937,0.06506024096385542,27.835688614971918,-82.72909802073326,14.957755690813066,2.16995773622127
88441a82c3fffff,554,1.2116631965157798,0.05054151624548736,27.844271995443037,-82.73298254266916,13.00475396255652,1.546273662737942
88441a82c5fffff,436,1.3139024860239856,0.04128440366972477,27.835390592730302,-82.72062422679355,15.779474474787712,1.9480606565374834
88441a82c7fffff,403,1.316530070222043,0.04714640198511166,27.843432153238208,-82.72407108765776,13.230346140861512,1.791268704092647
88441a82c9fffff,632,1.4007100320325705,0.11867088607594936,27.828997605812127,-82.73437680013653,14.081010665893555,1.8942560685035779
88441a82cbfffff,331,1.4147402884138411,0.0513595166163142,27.83539094290433,-82.73767994949928,11.055133735140165,2.0888413043822256
88441a82cdfffff,247,1.3172346511921058,0.10931174089068826,27.82930634517956,-82.72442198792837,15.190321285724641,1.941036679129259
88441a82d1fffff,167,2.06825308584817,0.2994011976047904,27.85239646871368,-82.74612709127338,9.25264438490073,3.677360929389984
88441a82d3fffff,333,1.2668344835604448,0.0990990990990991,27.858189833304976,-82.75031700836239,14.382889597018561,2.047955771374047
88441a82d5fffff,464,1.7647965490740107,0.16810344827586207,27.850282906849415,-82.73541488543896,9.853607013920943,2.3284776362880644
88441a82d7fffff,165,2.3428170867649496,0.28484848484848485,27.859125996263007,-82.74121234581888,9.849406146407128,4.774931546788171
88441a82d9fffff,287,1.4333701885546801,0.09059233449477352,27.845464185863314,-82.75259171854611,10.218241610129676,1.705838355840402
88441a82dbfffff,585,1.1854736091822857,0.008547008547008548,27.852349653306163,-82.75437138873966,14.964013383785884,1.569675357423692
88441a82ddfffff,97,2.283525435217449,0.14432989690721648,27.842960992776128,-82.74169208009022,15.304078321854274,4.525783164926462
88441a82e1fffff,415,1.3577556024399646,0.021686746987951807,27.842446817788247,-82.7074661970332,14.995344088077546,1.8506858948699463
88441a82e3fffff,748,1.1737692895080412,0.004010695187165776,27.84942330558337,-82.71053003822448,13.526389773289363,1.513110971181978
88441a82e5fffff,252,1.2080458797835787,0.04365079365079365,27.841179019783205,-82.69674851331203,15.348084765474002,1.6280921613678332
88441a82e7fffff,433,1.206232879303574,0.04849884526558892,27.849050046460903,-82.70247205415612,13.57323642730713,1.52811295451722
88441a82e9fffff,397,1.2709264008218808,0.04534005037783375,27.83409620335638,-82.71249159677417,15.903682640393576,1.6678488664360054
88441a82ebfffff,312,1.5832059906712046,0.14743589743589744,27.84309876826138,-82.7144788708099,14.833083673715592,2.2907241513575034
88441a82edfffff,316,1.4630835311895445,0.04746835443037975,27.83445596830138,-82.7030339555678,17.101205611427623,2.0884160989759297
88441a8301fffff,419,2.114371165323041,0.20047732696897375,27.800005027422735,-82.63594560765544,9.895849961439769,3.488533724226684
88441a8303fffff,425,1.3704005503190413,0.07058823529411765,27.808409289932722,-82.64027450475838,11.357521886030833,1.7772272616420781
88441a8305fffff,178,1.9081502685779559,0.30337078651685395,27.79999136712571,-82.62689045846888,4.503979014903307,3.715388901114955
88441a8307fffff,553,1.4386229031926774,0.054249547920433995,27.807651483358846,-82.63044915688486,5.88939723511537,1.8783973059098182
88441a8309fffff,290,2.181033009579888,0.09655172413793103,27.79450142260467,-82.63804465355378,31.360220264991128,4.538477573630658
88441a830bfffff,289,2.3205623363681687,0.2975778546712803,27.80209601559325,-82.6415748694609,24.703765194018683,3.2916389113480955
88441a830dfffff,578,2.361582264413889,0.185121107266436,27.791951235968263,-82.63223964387407,11.97852907896042,5.194502949080681
88441a8311fffff,411,1.5189991361668038,0.043795620437956206,27.816945768248445,-82.65030631352907,14.909776394367219,1.8060754519953885
88441a8313fffff,316,1.1903741364132825,0.0031645569620253164,27.823757532853925,-82.65355308591924,12.43471685220798,1.5491204569582433
88441a8315fffff,790,1.4313731329491817,0.12025316455696203,27.81569731035283,-82.64329508022777,10.179061021109423,1.9179821893385491
88441a8317fffff,655,1.238840226927756,0.015267175572519083,27.822971077678197,-82.64695460966705,8.057800488670667,1.6555496761417263
88441a8319fffff,130,1.2980342399877647,0.007692307692307693,27.808875295618577,-82.65975711476709,46.806373248100286,1.7997153089826086
88441a831bfffff,297,1.6774857535105971,0.08417508417508418,27.815827493446214,-82.66220352917627,46.196974075635275,2.3663994646515554
88441a831dfffff,317,2.023777707271774,0.19242902208201892,27.809734892718925,-82.64588962372305,19.634409681161245,2.4909700597099365
88441a8321fffff,235,1.7437069811101018,0.17446808510638298,27.806614917730418,-82.61314772851591,5.136958152254423,1.6910429772687723
88441a8323fffff,302,2.5135971322584916,0.36423841059602646,27.81382909531341,-82.61684314097941,5.506134660243989,2.038562104725831
88441a8325fffff,294,1.4107597169412824,0.15306122448979592,27.80681652495942,-82.60518774963333,3.144905388777455,1.773125931766406
88441a8327fffff,420,1.266474865431495,0.10238095238095238,27.812829987807795,-82.60803047993534,3.5850162687897686,1.5454946029146814
88441a8329fffff,144,2.102096145377301,0.375,27.798499908399204,-82.61678351462153,4.919998852511247,4.739655998084349
88441a832bfffff,441,1.3368411185416773,0.07029478458049887,27.807461709087022,-82.62198545079569,5.468092189133167,1.5539679456602902
88441a832dfffff,186,1.5039659647140555,0.27419354838709675,27.79916623832816,-82.61029411874388,5.209593932330609,3.437956583973519
88441a8331fffff,395,1.3752055929249924,0.1240506329113924,27.822325020744014,-82.62951742284926,5.630190294583639,1.6684857980716852
88441a8333fffff,483,1.501673987989896,0.11180124223602485,27.829640230390403,-82.63342685939978,5.805082644422849,1.9288233209690029
88441a8335fffff,85,2.2243235697311055,0.18823529411764706,27.818559391926176,-82.62272569261614,6.440758651892344,2.6378337985972076
88441a8337fffff,164,1.6659909380793976,0.0975609756097561,27.82674546975376,-82.62578668690156,4.308664684047302,1.8383667347098247
88441a8339fffff,376,1.788071858596005,0.24202127659574468,27.814663526618983,-82.63486537439422,5.562101119558017,2.645102917314506
88441a833bfffff,297,1.3483982199523548,0.13468013468013468,27.823337753348223,-82.63890802024787,5.971006155808767,1.788360443584999
88441a833dfffff,408,1.622830017299257,0.2034313725490196,27.81394954235975,-82.62562859142814,5.686552944084009,1.980879259000424
88441a8341fffff,2,2.250814897223268,0.5,27.77687355499523,-82.63716078433282,38.02052538156509,10.020974092496733
88441a8345fffff,492,2.510932117349241,0.3333333333333333,27.779788996613455,-82.63300483290482,18.478185137112938,9.710323500090691
88441a8347fffff,378,2.2785020809126717,0.14285714285714285,27.78691454707774,-82.63371750359599,20.354460509618125,5.796037971414593
88441a834dfffff,25,5.489833349381762,0.96,27.773396172916375,-82.63692154024042,30.894665116469067,17.836550474195224
88441a8353fffff,210,1.7720353610310338,0.0380952380952381,27.80450730295633,-82.6618303004878,54.12549923181534,2.16905369862315
88441a8359fffff,60,1.5776296708153852,0.016666666666666666,27.78722035132911,-82.66621553891329,50.6619162329038,1.9914928047186053
88441a835bfffff,16,1.6283004140608002,0.0625,27.793796200099518,-82.67004572109991,50.48572306513787,1.9854543164317984
88441a8361fffff,3,1.827999066139602,0.3333333333333333,27.789319935678254,-82.61893965592202,5.977482868035635,2.643934647246387
88441a8363fffff,267,2.1504448987638263,0.2883895131086142,27.792953611510118,-82.62273718845854,4.964853213528793,4.9361747078859946
88441a8367fffff,249,1.8248968405434864,0.23293172690763053,27.793109424813228,-82.6141367263599,5.0611634105443954,3.8234470412903674
88441a8369fffff,7,7.841542823776049,1.0,27.77837731636547,-82.62759324750303,6.936220097343127,21.33579494291331
88441a836bfffff,690,2.270122516017543,0.15072463768115943,27.785888343135525,-82.62876852390067,11.73926853477955,5.92992607914613
88441a8401fffff,407,2.1555229985059934,0.19656019656019655,27.963399656964175,-82.77727440929507,65.4562882534663,2.8031202652054286
88441a8403fffff,287,2.5659255775533545,0.34146341463414637,27.969228629062194,-82.78209003810984,29.25799367904663,3.8160684221913828
88441a8405fffff,326,1.3765251075554392,0.018404907975460124,27.962719118828034,-82.76873030925485,71.39156298240027,1.9354223710624123
88441a8407fffff,518,2.13729187402669,0.23166023166023167,27.96955713293543,-82.77287806333405,67.5470116353035,2.8236156708421616
88441a8409fffff,485,2.174880507886983,0.23505154639175257,27.95536304486708,-82.78227259955676,32.77899726867676,1.8392536548927325
88441a840bfffff,207,2.3055466373473044,0.2898550724637681,27.96462469883706,-82.78559103644213,38.15785671154658,3.6759865588226464
88441a840dfffff,496,2.0733882153013887,0.14717741935483872,27.955735858257142,-82.77359374938042,51.78787075161934,1.8897100782795726
88441a8411fffff,530,1.9899470804954809,0.1830188679245283,27.978948633205082,-82.79381624937993,21.468407297730447,2.4393334662418793
88441a8413fffff,268,2.196750659208063,0.27238805970149255,27.985145417172202,-82.79656732928416,11.279967168172202,3.1260517666205576
88441a8415fffff,360,1.8191182032359596,0.1111111111111111,27.978001771419454,-82.78590955959201,16.371996649305025,2.094942120939676
88441a8417fffff,402,2.0705340258938065,0.21641791044776118,27.9857842110299,-82.78951464463857,15.046901220480603,2.5116294850215115
88441a8419fffff,173,2.4407499639363217,0.26011560693641617,27.972159349404468,-82.79748383260264,24.483954341808957,3.825672686763379
88441a841bfffff,61,2.6138194491253195,0.3770491803278688,27.9783245972413,-82.79909794175062,20.545096432765327,5.2709518488409906
88441a841dfffff,428,2.1830643345488916,0.08644859813084112,27.97023273902575,-82.79040919852042,26.207665595213573,3.59720255516131
88441a8421fffff,140,1.2224467129617151,0.05,27.970406100061314,-82.75644417639009,69.81029402971268,1.6667952218964415
88441a8423fffff,12,5.153622839788453,0.8333333333333334,27.975132152350156,-82.76296060238242,68.23967254161835,17.380912680265034
88441a8425fffff,49,1.8679126395507806,0.16326530612244897,27.96956011718004,-82.74315608785514,65.88708661079407,1.6405799086448676
88441a8427fffff,23,1.3313238109115457,0.043478260869565216,27.972806447440412,-82.75312356639525,69.79559783776601,3.1217887343445074
88441a8429fffff,96,1.5905995022498076,0.10416666666666667,27.95922869036031,-82.76169290363289,60.806572066942856,1.6773654022002447
88441a842bfffff,319,1.1853526490091744,0.025078369905956112,27.970014239401387,-82.76472242134525,70.60360992749533,1.594938731860673
88441a8431fffff,536,1.5059771681573015,0.03544776119402985,27.984217491941347,-82.77139506748169,52.96749750296275,1.615774525266048
88441a8433fffff,513,1.8615857870204267,0.19103313840155944,27.992395861918585,-82.77555473137244,24.466989736159643,1.704800304365038
88441a8435fffff,324,1.2200574875139794,0.027777777777777776,27.98427937032496,-82.76499261181003,63.3495608218511,1.5505507851773428
88441a8437fffff,562,1.2567930891642196,0.08362989323843416,27.991070292796046,-82.76711892847054,60.1692573261261,1.5738499540541204
88441a8439fffff,433,1.9092028580705327,0.17321016166281755,27.977983700356283,-82.77659127604782,20.784908436139425,1.867560022966778
88441a843bfffff,359,1.444172586389444,0.03064066852367688,27.98409938328707,-82.78018224701324,20.721500797669094,1.597591222682525
88441a843dfffff,446,1.3001936559128473,0.03139013452914798,27.977478672627992,-82.76844956490739,67.09355104287465,1.595090893365091
88441a8441fffff,537,1.645162739417354,0.03910614525139665,27.941578860556668,-82.7832569687548,56.85298667748769,1.646810295359737
88441a8443fffff,401,1.6392423385584305,0.059850374064837904,27.948244750646126,-82.78756168456441,58.101784402529404,2.25510611051436
88441a8445fffff,397,1.3396989904972274,0.022670025188916875,27.941240508634507,-82.77522524285531,54.33516636371613,1.544437964760197
88441a8447fffff,596,1.6948194422075358,0.07550335570469799,27.948367538930253,-82.7789735965302,42.54086533029874,1.6316743939386493
88441a8449fffff,262,1.4395012211271756,0.03816793893129771,27.934765034863183,-82.78839852618938,68.67272992610933,2.028222993456134
88441a844bfffff,444,1.7257162275519546,0.06531531531531531,27.941403457241044,-82.79144249591764,62.522315712769824,2.398230987743389
88441a844dfffff,547,1.5270086807351784,0.043875685557586835,27.934114108192567,-82.77925301164316,45.78998311122259,1.5924632935657892
88441a8451fffff,234,2.438835480550717,0.3717948717948718,27.957210515041556,-82.80120983796502,34.88805412650109,8.078167976584185
88441a8453fffff,14,1.9610477351515758,0.2857142857142857,27.960987147522268,-82.80346537439002,30.679103237787885,2.2002811957502946
88441a8455fffff,370,2.2900995929242582,0.1945945945945946,27.956746396513548,-82.79265229208335,40.890250188509626,3.80168467565771
88441a8457fffff,66,3.963366095374287,0.696969696969697,27.964906892050376,-82.79384065766273,27.648123940626782,17.42139616566562
88441a8459fffff,103,2.256008637869327,0.3106796116504854,27.950241028655704,-82.80577062201651,32.774776454766595,3.682832965389324
88441a845bfffff,31,6.149821154337199,0.8064516129032258,27.957090823294703,-82.80508587918504,17.84616909782092,9.480692597120527
88441a845dfffff,116,1.681341117886888,0.07758620689655173,27.95100368653022,-82.79453270919383,47.65605375091235,2.678250364122822
88441a8461fffff,409,1.5260499332247628,0.02444987775061125,27.946954889086467,-82.76186882176327,40.733182094891866,1.6025373935685179
88441a8463fffff,393,1.7286999746384284,0.13231552162849872,27.95516449228537,-82.76502444090518,48.45824775060018,1.665205345687784
88441a8465fffff,433,1.3127968788536342,0.046189376443418015,27.945951733438235,-82.7525742713154,25.249481389522554,1.5389634224602133
88441a8467fffff,334,1.822041748935506,0.1347305389221557,27.95360465871688,-82.75649381559228,48.3489680937926,1.621153401214459
88441a8469fffff,191,1.4739322223938214,0.05759162303664921,27.94172903164113,-82.76449687610076,30.92537161588669,1.5929501587550852
88441a846bfffff,521,1.5752741355613087,0.06333973128598848,27.947755994925828,-82.77007459902484,45.30436110575994,1.6456089775836615
88441a846dfffff,346,1.740663056021348,0.09826589595375723,27.94052213093767,-82.75769779214602,19.916666833758356,1.6402767982786386
88441a84a1fffff,464,1.5311661345694798,0.08620689655172414,28.021840167374563,-82.78208921433216,18.69842698792617,1.7945293123434785
88441a84a3fffff,496,1.54820422470693,0.04233870967741935,28.028694362079126,-82.78650500310393,11.044282895525297,1.7886444518454252
88441a84a5fffff,539,1.4387138076124952,0.025974025974025976,28.020973613348726,-82.77480956294185,22.544764124155044,1.6127838144946451
88441a84a7fffff,372,1.4238835703756785,0.0913978494623656,28.02758536852807,-82.77672199252898,17.971543540954592,1.585077539795757
88441a84a9fffff,299,2.468640818061244,0.3779264214046823,28.015069429353716,-82.78692921632212,17.93743598540624,4.309902190853128
88441a84abfffff,113,3.3226304614220625,0.5221238938053098,28.022980929884675,-82.78968428868275,6.869947217702866,8.973251348216557
88441a84adfffff,378,1.646259751047281,0.12698412698412698,28.01376800469657,-82.77826495902593,30.145605187813445,2.590576255488738
88441a84b5fffff,112,1.6416200743118532,0.17857142857142858,28.035464577797107,-82.78770430668366,4.469955547104279,2.107294542326584
88441a84bdfffff,2,7.311335131338526,0.5,28.027111709562124,-82.79103697833472,5.163894196103017,14.85018617764786
88441a84c9fffff,161,2.11475880956138,0.2857142857142857,27.986885701452756,-82.81706267826003,5.464639507035415,2.0944688399994695
88441a84cbfffff,134,2.780105886768605,0.4552238805970149,27.993698818607044,-82.81949467167325,5.7228626209000755,2.383621938549889
88441a84d1fffff,10,4.722581441278971,0.9,28.00764258819879,-82.82707123079767,3.66181527244548,6.798290858660025
88441a84ddfffff,191,1.660132294705567,0.17801047120418848,28.00099911578745,-82.82532198539363,3.4980026568969094,2.3230175845673733
88441a84e1fffff,559,1.6192059315112197,0.026833631484794274,27.999336922820625,-82.78821891533464,18.445458967288335,2.097850462049167
88441a84e3fffff,201,2.068453839843521,0.12935323383084577,28.007526058847823,-82.79039987282748,7.659273054003716,3.610380743743943
88441a84e5fffff,502,1.7085948371934776,0.17330677290836655,28.00040227734199,-82.7798378630022,18.71113479793072,2.563115823652611
88441a84e7fffff,582,1.6871735261317644,0.10996563573883161,28.007271283305386,-82.7836398342496,22.542314237356187,2.4075565172177225
88441a84e9fffff,379,1.8856341441001947,0.09762532981530343,27.99353623441214,-82.79185862587674,12.447265482147536,2.4096667665823706
88441a84ebfffff,30,2.1955247036156846,0.3,27.99877566968471,-82.79329987910306,9.868750630915166,5.34969846937832
88441a84edfffff,534,1.8021556240831265,0.11235955056179775,27.992830935759773,-82.78548182401703,19.316978818575542,2.610033596861091
88441a8501fffff,95,2.0662266399984945,0.2,27.960971050314793,-82.71750707062345,31.314956807295484,2.280379759267425
88441a8503fffff,68,1.783351279095675,0.27941176470588236,27.96415369349907,-82.72046369184757,30.16461136579514,2.0776316604776772
88441a8505fffff,28,2.1459235675564083,0.17857142857142858,27.960687716816988,-82.70905464318945,7.319178391893705,9.081878294459896
88441a8507fffff,66,2.6099949247847203,0.3939393939393939,27.964703344795346,-82.70891073029257,22.36941574494044,2.542838465302719
88441a8509fffff,132,2.264224328347407,0.25,27.952547223939092,-82.7238725609149,10.112105661829313,1.9257283236541705
88441a850bfffff,117,2.312716036072687,0.19658119658119658,27.957339804202753,-82.72248423229541,28.071528833707177,2.0265386624297097
88441a8511fffff,38,4.277623526595111,0.7894736842105263,27.975013267743563,-82.73487332880399,27.10966041127841,16.195618867001023
88441a8513fffff,267,1.766006796601584,0.1348314606741573,27.981503987611816,-82.73742905095169,51.42835533936819,2.5615804681136023
88441a8515fffff,199,3.098299927096283,0.5175879396984925,27.973137629278405,-82.7240211565938,20.30130297223727,8.577861708945715
88441a8517fffff,226,1.8416708891222209,0.252212389380531,27.98187809378744,-82.7265848997835,47.054094975392026,1.8395505274477637
88441a8519fffff,270,1.6009653956816332,0.1111111111111111,27.966940323188176,-82.73973612745549,60.72845728556315,1.592431383464155
88441a851bfffff,223,1.9290496623072142,0.22869955156950672,27.97389926008963,-82.74142622731155,40.701496266523996,2.0901042641629024
88441a851dfffff,69,2.652012841819116,0.4782608695652174,27.96648563465123,-82.72803818286107,44.55742097059886,13.59656202294741
88441a8523fffff,130,2.330611072863923,0.3153846153846154,27.973788613437776,-82.69997272272127,28.644685012896858,1.880338469291404
88441a852bfffff,155,2.7452425551263007,0.4838709677419355,27.965609432750803,-82.70596051132718,9.066469414631527,3.1886858585154885
88441a8531fffff,209,2.1514955057976755,0.3253588516746411,27.979243727063654,-82.71176403167476,39.38925805012385,2.3786257318976327
88441a8533fffff,283,1.4729497297145515,0.10600706713780919,27.98706359469345,-82.7141465822171,48.37241097609202,1.8667799908620781
88441a8535fffff,120,2.694761083301919,0.43333333333333335,27.978426121807118,-82.70135605095007,22.645729653636614,1.996815261520477
88441a8537fffff,259,2.6132658213621296,0.44015444015444016,27.9876612360827,-82.70450598608222,39.50545089324316,3.271194150774363
88441a8539fffff,328,3.340319114213048,0.5792682926829268,27.97381164537922,-82.71713059226384,36.174028805494316,13.209090604796202
88441a853bfffff,523,1.3594552402113236,0.02676864244741874,27.98059975425502,-82.71993329012096,54.74142204920451,1.5763940122572766
88441a853dfffff,324,1.3046441917361238,0.043209876543209874,27.97248501330285,-82.70732864234772,35.73312427401543,1.6640945881261238
88441a8541fffff,95,1.4949273281530309,0.2736842105263158,27.936914589681496,-82.72217768365292,6.095593694051107,2.7042892757769987
88441a8543fffff,404,1.9890138782736244,0.19306930693069307,27.943467530616328,-82.72539225411144,5.166439708272616,2.107419503107509
88441a8547fffff,54,2.1346200638432373,0.2777777777777778,27.942690437301184,-82.72140874068606,4.975046408722799,2.1308954248984393
88441a8549fffff,130,1.4948507508975188,0.16153846153846155,27.930243468903367,-82.7263681814965,13.384366738001507,3.6752984339650983
88441a854bfffff,157,1.8310696720643227,0.3375796178343949,27.93936544148788,-82.73267862948525,11.399396802981695,9.361077119283902
88441a854dfffff,363,1.552143093324258,0.14325068870523416,27.92900138055423,-82.71771535795709,10.412206625938417,3.732967141311808
88441a8551fffff,13,1.342800562863356,0.0,27.949216014080914,-82.73987893064047,29.648273474375408,1.7011903886463362
88441a8553fffff,20,1.2744992160301636,0.0,27.96394822418896,-82.74072782698846,67.93721320947012,1.4862521103351385
88441a8555fffff,481,1.9942242787139088,0.14760914760914762,27.951873041746808,-82.72896678032633,17.23267270088196,1.7096402790532743
88441a8557fffff,7,1.245004825326254,0.0,27.963627751019636,-82.73591174813069,59.30940025011699,1.5244416223003572
88441a8559fffff,417,1.3677284858619356,0.08393285371702638,27.946592194645774,-82.74344582333275,24.092304111719134,1.5586672097669565
88441a855bfffff,208,2.0977150793405657,0.28365384615384615,27.952686136077418,-82.74902216179672,51.09694635510445,1.839250021678552
88441a855dfffff,260,1.4476275221431525,0.12307692307692308,27.94515523899691,-82.73562305493144,16.530719902714097,1.7800050249189472
88441a8581fffff,36,1.3673180186046396,0.0,28.008484839687945,-82.74130837255433,79.25842483202618,1.7467172775885382
88441a8583fffff,248,1.7724896113992528,0.1935483870967742,28.019185439717752,-82.74917421472279,65.36612741311392,2.1450922880519574
88441a8585fffff,95,1.3105142091593938,0.09473684210526316,28.009526577482138,-82.73732199931177,82.561016163826,2.2647261814474295
88441a8589fffff,419,1.3789685976938282,0.03341288782816229,28.00486604644216,-82.74978681219076,60.85041346391042,1.6029032644039594
88441a858bfffff,485,1.6117534840786734,0.032989690721649485,28.011948648072487,-82.75208352754883,58.790024248758954,1.6624728113650091
88441a858dfffff,217,1.2653139598185317,0.027649769585253458,28.006249080227136,-82.74064452167951,80.90140715281169,1.8701528492322321
88441a8591fffff,574,1.6754941202305715,0.04529616724738676,28.027759665365032,-82.7593054380733,54.49464679797491,3.0566126406219523
88441a8593fffff,208,2.005780758329781,0.22596153846153846,28.035076991595798,-82.76491606737044,31.965422089894613,2.4838411028296368
88441a8595fffff,481,1.57150663690446,0.04573804573804574,28.026505458148698,-82.75221520084297,43.77248412370682,1.9881398833070918
88441a8597fffff,184,1.6674563607663697,0.13043478260869565,28.033125245087422,-82.75442681672713,37.415088893175124,2.267841016201227
88441a8599fffff,218,1.7681825642926112,0.1651376146788991,28.02149405375908,-82.76517596012866,40.705028734207154,1.799078131174117
88441a859bfffff,510,1.6352846863437118,0.10392156862745099,28.027406746920086,-82.76805979146755,39.041532131433485,1.9948998035037655
88441a859dfffff,325,1.5312772318656933,0.06153846153846154,28.020563029535612,-82.75584407090375,51.18406752109528,2.0003855865608067
88441a85a1fffff,145,1.6789981938838703,0.04827586206896552,28.017480619562164,-82.7228287336256,91.95844400882721,2.1724007197555375
88441a85a3fffff,347,1.49284478643118,0.2564841498559078,28.02433923834599,-82.72489013616868,93.718320034345,3.5308794960993923
88441a85a7fffff,31,1.4566796110681313,0.0,28.023200454352885,-82.72033746319984,95.42376038869223,1.762607235732521
88441a85a9fffff,216,1.7745781166967018,0.19907407407407407,28.01167395118841,-82.72616593364928,90.52601428349814,3.3086153095066475
88441a85abfffff,59,1.6954284930072105,0.288135593220339,28.01851061118358,-82.72777584472736,95.40393601735434,5.644521079672721
88441a85adfffff,217,2.3047792046658504,0.2857142857142857,28.009459134858147,-82.71781786976291,83.65363438765209,3.095353938226821
88441a85b1fffff,205,2.000291071173611,0.24390243902439024,28.03354315000592,-82.73900163578175,49.41062481721242,2.532468194680982
88441a85b3fffff,629,2.287906610254266,0.27503974562798095,28.04010260608993,-82.74212199496007,42.249001836776735,2.4261603203494637
88441a85b5fffff,169,1.9436257098100225,0.08875739644970414,28.030022044561125,-82.72969329858792,81.06870031674704,2.66780887876824
88441a85b7fffff,128,1.8096533078669519,0.0546875,28.040451600806,-82.73553606451598,64.6979309574763,2.306643996639975
88441a85b9fffff,178,1.6746587156052732,0.0,28.02834073793868,-82.74357471841117,64.3273628950119,1.9635194047961746
88441a85bbfffff,505,1.8679154043473911,0.13663366336633664,28.033829870812568,-82.74724735971917,62.17521712779999,1.9285464193930553
88441a85bdfffff,76,2.6502892133324107,0.39473684210526316,28.025645748311177,-82.73199990629854,77.86489605506262,4.0801876976118745
88441a85c1fffff,150,1.5460450775987775,0.006666666666666667,27.98961529022019,-82.75094151003441,58.341066066424055,2.1671351924239493
88441a85c3fffff,453,1.4367078761331027,0.0728476821192053,27.99792409364637,-82.7551874843918,65.49453527291617,1.9314509033989378
88441a85c5fffff,419,1.3150973381184374,0.026252983293556086,27.98955349083786,-82.74089015234605,57.37377691745758,1.5719657036253416
88441a85c7fffff,159,1.8522567120577083,0.2138364779874214,27.99541877848149,-82.74352013938056,69.96395480950673,4.084194010921383
88441a85cbfffff,342,1.4052541607610407,0.02046783625730994,27.992454063178574,-82.75830153663651,63.21114065329235,2.152161803829568
88441a85cdfffff,287,1.4606891474405577,0.10452961672473868,27.9831125855169,-82.74382727297493,47.415080945491795,1.8480959139072546
88441a85d1fffff,342,2.05959664691175,0.20175438596491227,28.00596504860716,-82.76586908858616,47.590102360248565,2.7301997209408557
88441a85d3fffff,343,1.7762979892190185,0.10204081632653061,28.01383959285294,-82.77073666595177,28.91892684300741,2.467791291167872
88441a85d5fffff,300,1.6339269178952338,0.07333333333333333,28.00355360413072,-82.7570354306855,51.73148580908776,1.6919455779335189
88441a85d7fffff,239,2.6207175005420154,0.3682008368200837,28.012615819755673,-82.76105489838359,40.84259472767512,3.6360876108178086
88441a85d9fffff,583,1.8286418996490423,0.1509433962264151,27.999097632607317,-82.7711642176021,39.50660230875015,2.1627817114013306
88441a85dbfffff,582,1.5209975323571592,0.08247422680412371,28.00647924064159,-82.77517061778865,24.175006564259533,1.6035210867085494
88441a85ddfffff,445,1.7599792893049695,0.10786516853932585,27.99763280660027,-82.76179310442029,54.03554802417755,2.1548526764117764
88441a85e1fffff,118,1.7105170724024124,0.16101694915254236,27.996487694615414,-82.72982572412415,88.026510237058,5.5395754348843695
88441a85e3fffff,66,2.7206408969548272,0.42424242424242425,28.002340780820276,-82.73066155783141,87.5175345214208,7.88114764386707
88441a85e5fffff,66,2.2946810356923764,0.18181818181818182,27.99680458824018,-82.7197787467563,83.78254599173864,3.981330108458841
88441a85e7fffff,85,2.3119791687163045,0.21176470588235294,28.002082809418322,-82.72382670813282,89.21582859039307,7.445340965238362
88441a85e9fffff,107,1.5821415822668048,0.14018691588785046,27.989412359748435,-82.7333920134049,71.65744922796885,1.6922532068922993
88441a85ebfffff,101,1.4409867402449918,0.13861386138613863,27.99535708903592,-82.73384010763955,85.08156483173371,2.2776393719973393
88441a85edfffff,354,1.4511596845100263,0.0480225988700565,27.98690803805087,-82.7241997082508,56.516870343685156,1.785709924857679
88441a8601fffff,470,1.9039184013130415,0.1425531914893617,27.914018411380532,-82.81122142316326,28.66013212800026,1.646742659670007
88441a8603fffff,252,1.3825077954580869,0.09126984126984126,27.921921204749175,-82.81630217488726,43.24540020902952,1.5965453824291003
88441a8605fffff,240,1.6978362075196127,0.08333333333333333,27.9138219860849,-82.80393254598651,41.804549193382265,1.6729997565899453
88441a8607fffff,234,1.6128556678011978,0.04700854700854701,27.91937811696398,-82.80695430161416,37.47117033759753,1.6002544417154683
88441a8609fffff,535,1.9391370510437456,0.20747663551401868,27.907456949684885,-82.8159501145427,25.17918559551239,1.721514911298097
88441a860bfffff,304,1.4622768721277426,0.13815789473684212,27.91418416280056,-82.8200262624872,42.505903599659604,1.8745055036785803
88441a860dfffff,401,1.1859585908865073,0.0,27.90733132140399,-82.80877465690882,47.62452280044556,1.510329249155581
88441a8611fffff,12,5.020080058528334,0.5833333333333334,27.929299820822123,-82.82770779266117,3.886516805042824,7.175160727230648
88441a8613fffff,111,8.951596659897007,0.9279279279279279,27.938658757612124,-82.83472171453205,4.777776744365692,20.144503021422896
88441a8615fffff,151,3.404191356441212,0.6490066225165563,27.92729756528802,-82.81828396574618,22.94407846371333,3.895586444334964
88441a8619fffff,7,2.653754759298997,0.2857142857142857,27.925777658358275,-82.83610556851669,5.91683682769537,3.913203555464465
88441a861bfffff,229,1.9168119038521887,0.2794759825327511,27.930776613857123,-82.83752784275234,5.333355455100537,3.0679355207752694
88441a861dfffff,158,2.935308492748053,0.4810126582278481,27.923257948492658,-82.8224019669116,10.867011840144794,3.3690709330408
88441a8623fffff,1,9.391794043817914,1.0,27.93226975,-82.79300269999999,63.8736175775528,14.553531186631872
88441a8625fffff,470,1.6800043665446824,0.08085106382978724,27.91984142495766,-82.78025221895275,29.902636178334554,2.080838806325173
88441a8627fffff,18,4.022136765777862,0.7222222222222222,27.924762956345347,-82.78083518904671,42.575647152264914,10.830595525682881
88441a8629fffff,44,1.657832989105862,0.11363636363636363,27.911589319053576,-82.79718857236126,62.573441064357766,1.727138429276763
88441a862bfffff,21,1.4316334213588529,0.09523809523809523,27.91891354708172,-82.80162935635849,50.13199289004008,1.8106181742600125
88441a862dfffff,175,1.78443941443979,0.08,27.911415959744335,-82.7838775199839,28.479633667469027,2.191611514909307
88441a8631fffff,35,1.929363668621981,0.11428571428571428,27.93573525541164,-82.80872034815046,39.483580256303156,4.948279099422988
88441a8633fffff,70,4.503104561954117,0.6714285714285714,27.94537616419234,-82.80864961034696,16.82500043014685,6.862269194434621
88441a8635fffff,121,1.6963909057432407,0.15702479338842976,27.935131429430758,-82.79445164347044,61.24844028313955,2.954064883433321
88441a8637fffff,276,2.000988589095209,0.1956521739130435,27.942817836430073,-82.79979840405467,45.35547237753869,3.1116968284191873
88441a8639fffff,117,2.001120288608693,0.1452991452991453,27.929450030802595,-82.81316425001654,43.716493415832524,2.0526218596886263
88441a863bfffff,106,2.14927275473198,0.29245283018867924,27.93440565917612,-82.81259595784609,36.46931056380272,3.616899309484533
88441a8641fffff,170,1.6963416821401927,0.17058823529411765,27.894267114219684,-82.81751566307445,36.8511174428463,1.929947966430465
88441a8643fffff,535,1.5818398091132213,0.1102803738317757,27.899912504563552,-82.82066868898396,19.23869195063909,1.688642599569784
88441a8645fffff,107,1.784921286870737,0.19626168224299065,27.893417413171235,-82.8084046198549,49.81331987539927,2.2289638799629525
88441a8647fffff,384,1.4218707532957433,0.06770833333333333,27.899866229995343,-82.81227949592407,46.071831167141596,1.7231243495940771
88441a8649fffff,77,2.3459786823308995,0.33766233766233766,27.888551817241627,-82.8234554560282,28.679757817586264,8.035496268467226
88441a864bfffff,156,1.6870025608752854,0.14102564102564102,27.89327514119067,-82.82581187153387,20.13244929611683,1.8723722798987772
88441a864dfffff,77,1.64214891882002,0.2597402597402597,27.88729218265427,-82.81281244401116,49.28737955411275,2.3759743741421424
88441a8651fffff,134,1.4962905303486682,0.26119402985074625,27.90746532496811,-82.83384228615967,5.433060841659705,1.9020127031311929
88441a8653fffff,16,4.009053350856474,0.625,27.917003215636832,-82.8414637184033,3.558770135591428,9.548735769243299
88441a8655fffff,431,2.368836378210846,0.3503480278422274,27.907214591884674,-82.82476499528057,33.58646806796392,1.7543875396526243
88441a8657fffff,86,1.4863517955323755,0.12790697674418605,27.913474297931383,-82.82867469372695,5.144614830712477,2.082753333787731
88441a8659fffff,150,1.2431768051444774,0.20666666666666667,27.902402278708674,-82.83959496383696,4.585323743621508,1.7300456832580182
88441a865bfffff,232,1.3180234340045032,0.33620689655172414,27.90845772270523,-82.84306425086257,4.11732555265228,3.2130614922263026
88441a865dfffff,382,1.6020574243408547,0.225130890052356,27.901329632853415,-82.82928107571168,5.593370615790288,1.696984387513869
88441a8661fffff,18,1.1747061396777634,0.0,27.900132007281925,-82.79897091540617,67.3339653491974,1.6279397159328823
88441a8663fffff,327,1.5498197136213252,0.05504587155963303,27.906052077128265,-82.7989567889286,61.29101762612661,1.6795853308396826
88441a8665fffff,189,1.5628577793498257,0.005291005291005291,27.89922360577227,-82.78538985382204,21.712322001059853,1.8398998841024161
88441a8667fffff,15,1.995485666662482,0.13333333333333333,27.90545931049216,-82.78683547648293,33.550204737186434,3.327593190236339
88441a8669fffff,63,1.3379187846204257,0.031746031746031744,27.89312123750463,-82.80282264928327,64.2177093410492,1.776724863423448
88441a866bfffff,327,1.6254179768105708,0.08256880733944955,27.89804063245571,-82.80291827038228,57.61118127346039,1.8676453043580048
88441a8685fffff,7,8.164330997354472,0.7142857142857143,27.96858904782846,-82.82816555482059,5.139520286420981,22.712724429305425
88441a86a1fffff,33,1.8927898051034078,0.2727272727272727,27.974673356759507,-82.81477031923357,4.537916243871053,2.2856348764077348
88441a86a3fffff,149,7.8383362453312335,0.7315436241610739,27.98019136160128,-82.81837181499017,4.40970041702191,16.67708139945479
88441a86a5fffff,16,1.5670141528304933,0.125,27.97443434592911,-82.81094338781222,4.115911118487517,1.6359411655775364
88441a86a7fffff,174,1.6084382813161058,0.1781609195402299,27.97910354694902,-82.81285699348184,4.4662893212338295,1.5903459598412737
88441a86a9fffff,74,5.907181719576084,0.6081081081081081,27.967807057507578,-82.82241654333674,4.621493991216024,11.592276662630507
88441a86abfffff,122,5.557937691179976,0.5409836065573771,27.971773549882926,-82.8250460008879,4.269134446432194,9.386542234325443
88441a86b5fffff,221,1.9660017770786844,0.27149321266968324,27.98903561598313,-82.82528109070333,4.497439139087995,3.440824792378649
88441a86b7fffff,292,1.6417465897856145,0.1541095890410959,27.995168020861744,-82.82623729656012,4.145913040786982,2.62627458018852
88441a86bdfffff,20,1.9677414827940196,0.2,27.981262209129717,-82.82585310822624,4.578142258723577,4.284311725428766
88441a86c5fffff,33,1.318381059025856,0.36363636363636365,27.94534234431415,-82.834857626706,4.9351976154247925,8.758413772832311
88441a86cdfffff,77,5.676557946297405,0.7402597402597403,27.936769934995482,-82.83805416899816,4.6763199859857565,6.870140980625395
88441a86e5fffff,2,7.953331841261505,1.0,27.948096055649366,-82.81006349349062,5.040147144248088,29.798919490841786
88441a86ebfffff,46,2.7624636825168323,0.45652173913043476,27.951171202430167,-82.83144680521085,5.703691787372033,7.550909095336786
88441a86edfffff,23,9.145745029546518,0.9565217391304348,27.944026494881392,-82.81567373592743,7.071063994367917,15.294230134445225
88441a8701fffff,264,1.557006008817532,0.026515151515151516,27.909567153916605,-82.75017191240437,16.884591658115387,2.07073274618441
88441a8703fffff,434,1.209971452318483,0.027649769585253458,27.91845946935549,-82.7548501798381,15.840011396606764,1.5485538914826968
88441a8705fffff,354,1.341105440188604,0.04519774011299435,27.90979945330278,-82.74168777761919,16.236506645480794,2.6437354675490603
88441a8707fffff,213,1.2384044460664259,0.09859154929577464,27.91914115397087,-82.74560889016774,16.05964625120163,1.6156110594232174
88441a8709fffff,974,1.672531334861736,0.06981519507186858,27.903256688069366,-82.75583070293563,16.64877910276254,2.0144838583924503
88441a870bfffff,563,1.4454174119363503,0.008880994671403197,27.909706511185856,-82.75858805839688,15.239417580366135,1.79638348105364
88441a870dfffff,41,1.5389919556846987,0.0,27.906185314284524,-82.74708778341461,18.16340284307798,1.917699304717364
88441a8711fffff,188,1.289826179743773,0.13297872340425532,27.925642962122563,-82.76628625907784,17.731455416878063,1.598566467975135
88441a8713fffff,74,1.8150099480032504,0.05405405405405406,27.935276414386212,-82.7727420582978,44.815428780714676,2.0864030182911213
88441a8715fffff,492,1.2469393669444138,0.014227642276422764,27.924939800839873,-82.75807086447853,12.119564180970192,1.5395805295841158
88441a8717fffff,125,1.652620192419772,0.136,27.93397873403731,-82.76037672959622,12.64242806394895,1.7064137031026556
88441a8719fffff,168,1.3617298395526753,0.07738095238095238,27.91855202037152,-82.77045070817333,13.752003853519758,1.5972325265845508
88441a871bfffff,392,1.482489232196973,0.1096938775510204,27.92506157696152,-82.77538653261726,24.036978283723194,1.6702599368171667
88441a871dfffff,303,1.432671909739394,0.066006600660066,27.91873333516451,-82.76386611218739,15.759151834646861,1.6022506977279352
88441a8721fffff,81,1.6714953571425815,0.2962962962962963,27.916104942077602,-82.72728257275405,14.648287742535274,3.478145011279625
88441a8723fffff,153,1.157071751192614,0.0915032679738562,27.92614317179633,-82.73271783979608,13.573184801340103,1.8928795664437548
88441a8725fffff,198,1.4579976762827715,0.14646464646464646,27.915969203394944,-82.71831233453248,13.95650369544824,2.0558305062744204
88441a8727fffff,382,1.4914636050421946,0.18586387434554974,27.92289332645763,-82.72286326142688,15.470821591019632,2.6393529214008202
88441a8729fffff,474,1.327702514692996,0.023206751054852322,27.907314162144083,-82.73353993670722,14.290489284793537,1.6130308357424017
88441a872bfffff,102,1.1631533742655045,0.00980392156862745,27.91389501601116,-82.73613631407534,15.426578137278558,1.552448526202647
88441a872dfffff,201,1.3013839555928928,0.07960199004975124,27.907087140674662,-82.7248814478158,15.461190219322841,1.7068536001490022
88441a8731fffff,266,1.553266586636604,0.06015037593984962,27.93182602493244,-82.74430167007232,9.728745310505232,2.1472354592726615
88441a8733fffff,176,1.721091311231561,0.13636363636363635,27.939513265237448,-82.74871491704492,11.669556661744913,2.807302643590875
88441a8735fffff,117,2.053222005851723,0.2222222222222222,27.93076014946329,-82.73579377067792,8.492295578122139,3.246792051257746
88441a8737fffff,426,1.5655316801535923,0.08215962441314555,27.937995504879833,-82.74002312893528,8.804995233714582,2.023816930154333
88441a8739fffff,413,1.3193723972141118,0.06295399515738499,27.924106028938677,-82.7491923151234,13.145410474141439,1.5792716713593664
88441a873bfffff,157,1.6640879704504592,0.1592356687898089,27.931996074231403,-82.75371379440062,5.833710416456064,2.1557122964715285
88441a873dfffff,208,1.5281296576488228,0.09134615384615384,27.92351261687052,-82.74202579617074,14.51835222343604,2.2115953901708805
88441a8743fffff,135,2.379400684518082,0.3111111111111111,27.899847274605776,-82.75975557787376,16.57307587981224,12.841050198176301
88441a8747fffff,24,1.8385500891591582,0.0,27.89872990200614,-82.75413184396146,17.73412275850773,3.0155866809853165
88441a8749fffff,83,1.3523199253155604,0.0,27.880451023541728,-82.76185887509628,14.645815953811011,1.8585449636655902
88441a874bfffff,88,1.684005687582856,0.06818181818181818,27.887128891390965,-82.76731521207113,13.69451521039009,2.827689268803268
88441a874dfffff,23,1.3527300381941925,0.0,27.88007316148445,-82.75568271539427,16.823597924709322,5.7523285619944104
88441a8751fffff,215,1.888183564731326,0.2,27.90364141226037,-82.77179099637392,9.131809115807215,4.341330632847489
88441a8753fffff,50,1.5395312303363737,0.0,27.910873837891913,-82.77942559998785,10.68559623648723,1.9111521480478852
88441a8755fffff,100,2.005316276978506,0.23,27.904719816389512,-82.7615767983776,15.351135390798252,2.3074410031986847
88441a8757fffff,174,1.6782996977406253,0.25287356321839083,27.91239530807162,-82.76661573500641,11.599429434339207,4.108012435030472
88441a8759fffff,65,1.4398826064164572,0.06153846153846154,27.89490884818644,-82.77706335472891,7.5753448758522675,1.8691867562611337
88441a875bfffff,79,3.047402121746847,0.5063291139240507,27.904169052890758,-82.7825109234612,18.959079455534617,9.3817459730825
88441a875dfffff,16,1.2056418653679493,0.125,27.89559736880209,-82.76893434141947,14.988364413777989,2.0842118259334006
88441a8761fffff,154,1.631076554658602,0.13636363636363635,27.893502319482756,-82.7351960749666,15.460324311057727,6.361986352971343
88441a8763fffff,11,1.6713123256963078,0.2727272727272727,27.904093503500384,-82.73629517546698,15.867145535548529,2.9506967429276445
88441a8767fffff,5,3.0822690932116408,0.6,27.90474962357959,-82.72902481726992,15.317005151112875,8.320753877428572
88441a8769fffff,114,1.4318571857152862,0.06140350877192982,27.88684926804199,-82.73599626100753,14.389709700147312,2.146872317757966
88441a876bfffff,32,1.6777171744521662,0.25,27.8930086464263,-82.74092866763264,16.187450243632,2.859755301015026
88441a876dfffff,272,1.7395712254570184,0.09926470588235294,27.886159758788736,-82.73253552492342,15.637978650132816,2.741752280664705
88441a8c1bfffff,1,1.6483890282514766,0.0,28.0223096,-82.64906615,4.800189453959465,10.048010725104985
88441a8cc1fffff,70,2.5392061484013047,0.35714285714285715,28.032449524280246,-82.65527428863462,7.811998308698337,4.891548348428513
88441a8cc5fffff,2,1.8699051571849798,0.0,28.031835029566686,-82.64888515268609,8.480296451846758,2.1127285159083202
88441a8cc9fffff,103,1.3745531083400384,0.2815533980582524,28.028605349598667,-82.66204981239008,5.213766249120236,2.305417168349374
88441a8ccbfffff,303,1.8847352786078833,0.18811881188118812,28.034406193484127,-82.66425047594959,7.650376961231232,3.0460139071651167
88441a8ccdfffff,62,3.6228879581083846,0.6290322580645161,28.027834745344567,-82.65087335960119,6.429098027696212,9.83765894333087
88441a8cd1fffff,266,1.804362468051569,0.18421052631578946,28.050232393140284,-82.67164383055378,13.441612113316854,3.1538569332973676
88441a8cd3fffff,145,1.344567737953108,0.034482758620689655,28.056161979985596,-82.67478554884205,12.691986645658812,1.9060688076653685
88441a8cd5fffff,158,1.4697597696002576,0.03164556962025317,28.05115284404145,-82.66431722001083,14.364764189322791,3.20949471829545
88441a8cd7fffff,38,3.0884804888047936,0.5,28.05468106067284,-82.66783213122092,14.042909920016925,5.4057845661058685
88441a8cd9fffff,37,1.807582641716609,0.32432432432432434,28.044476490011842,-82.67642127920803,10.890068309903146,10.75019722342149
88441a8cdbfffff,311,1.4120844436263704,0.06109324758842444,28.050537577611966,-82.67972727363009,12.016618091662725,2.3427734946963
88441a8cddfffff,85,2.7623758491636576,0.4588235294117647,28.042860637640683,-82.66799525363092,10.763172465165457,16.04402917430513
88441a8e81fffff,459,1.9558046423360549,0.1895424836601307,28.006596263135883,-82.68335806037639,29.130536988576257,3.0831894535525333
88441a8e83fffff,195,3.0312127446469046,0.5025641025641026,28.015449617415175,-82.68790561469238,20.65307761828105,3.375261386646464
88441a8e89fffff,484,1.6933760354731497,0.05991735537190083,28.00071119269794,-82.68648618612156,18.35478656053543,3.088520915461725
88441a8e8bfffff,171,2.0622652669541814,0.13450292397660818,28.007049369085024,-82.6913067815049,19.001508178313575,2.618680466672393
88441a8e8dfffff,199,1.8659582850725898,0.11055276381909548,28.00073615755945,-82.68210392650647,16.179446654319765,3.8646122025831726
88441a8e91fffff,221,2.305374339771452,0.29411764705882354,28.022568817084178,-82.6970760654553,37.75036200284958,2.394994473167891
88441a8e93fffff,137,1.9792440038180448,0.12408759124087591,28.031713322517163,-82.70069629126684,39.00613079786301,2.024338846245646
88441a8e95fffff,296,2.4111360959691526,0.34797297297297297,28.02177167170626,-82.69131589048936,14.77003194153309,2.374129595743099
88441a8e97fffff,197,2.0579203608324077,0.19796954314720813,28.02962548168991,-82.69630244407308,27.148077952861787,2.0658726937523233
88441a8e99fffff,73,2.2784826876492774,0.3424657534246575,28.01605180185438,-82.70071820866376,42.102168200016024,2.7145589035765045
88441a8e9dfffff,403,2.703033297382123,0.41687344913151364,28.01597113206421,-82.69598053857416,31.779606154759726,2.4375146942230757
88441a8ea1fffff,121,1.7963648490882826,0.15702479338842976,28.01425449632909,-82.6630092046378,8.01562520245711,1.9677169602579947
88441a8ea3fffff,206,1.7492121135428897,0.22330097087378642,28.020218376126486,-82.6636750674698,5.4572331362962725,1.8706944045740714
88441a8ea7fffff,49,3.735869148637706,0.7346938775510204,28.020302693805675,-82.65860639982982,7.868194738229116,4.912802574601971
88441a8eabfffff,53,3.392570040997942,0.5283018867924528,28.01502593103433,-82.66595402093844,5.214797986249129,3.995542413747147
88441a8eb3fffff,145,3.5360168097840097,0.5793103448275863,28.035509094003483,-82.68162577879838,5.8481918913126,13.187955600553794
88441a8eb5fffff,58,1.6995876051929517,0.22413793103448276,28.03047814197189,-82.6664585904675,7.772804422080517,2.663678106347367
88441a8eb7fffff,206,2.1855908658251164,0.27184466019417475,28.035112321848302,-82.67156379768204,6.834523199995359,2.9545838437506013
88441a8ebbfffff,41,2.293887134616081,0.36585365853658536,28.032242939962465,-82.68460354486521,7.744369074106217,4.964253392976216
88441a8ec1fffff,78,2.1004146052432544,0.28205128205128205,27.98810653822409,-82.69144234628665,8.502743187646072,3.550884462274901
88441a8ec3fffff,354,2.126607518590517,0.2344632768361582,27.993509514128316,-82.69184403840163,17.16794938246409,2.7155008724408454
88441a8ec7fffff,97,1.7952452273966568,0.27835051546391754,27.995612421525742,-82.68536863674986,13.768465497096381,3.1104153328325514
88441a8ec9fffff,67,3.1902701916978997,0.582089552238806,27.978313157479175,-82.69609525073199,13.355404570500056,6.945786742361216
88441a8ecbfffff,334,1.9820959013690858,0.18562874251497005,27.987559645172727,-82.69719232755621,17.10459962765376,2.2512579273694717
88441a8ed1fffff,61,1.760098924984286,0.18032786885245902,27.999009372764082,-82.70533679280229,19.645865952571235,4.0501071329234914
88441a8ed5fffff,167,2.074533018144163,0.19760479041916168,28.00114064522259,-82.6956144788716,18.000131811300914,3.088430837157081
88441a8ed7fffff,46,2.7559389614300507,0.5,28.01020231135094,-82.69889367344263,29.02685327370962,3.443167038330338
88441a8ed9fffff,107,2.409678207120936,0.3644859813084112,27.99253346422479,-82.70973456060926,45.92778376817704,3.1822355943329343
88441a8edbfffff,17,2.6297873094569035,0.17647058823529413,28.000001158648896,-82.71693117200692,76.4742145284017,2.896554416906489
88441a8eddfffff,346,1.7016558086763212,0.16473988439306358,27.994184028056793,-82.70071830556515,19.06696755786737,2.2832902880795842
88441a9003fffff,28,6.340817197699714,0.8928571428571429,27.710573260352994,-82.7057729690498,5.7972065556049355,11.539798600110302
88441a9007fffff,159,3.6117684202142155,0.5849056603773585,27.711634452209783,-82.69740325317572,5.527351759374142,5.227372485380396
88441a900bfffff,29,6.082106826258881,1.0,27.706463994667896,-82.71313336297442,7.415177659789721,19.76867324001794
88441a9015fffff,9,5.006299283872917,1.0,27.715321876176873,-82.71029989038225,4.752081092596054,16.58762547014083
88441a9019fffff,67,1.6231403494547438,0.417910447761194,27.712498913706224,-82.72522493301273,4.561063450177511,5.470646947423538
88441a901bfffff,48,1.594396439099301,0.125,27.716997629658135,-82.72957967784757,4.982776615073284,1.5278279861820088
88441a901dfffff,70,5.142792755822238,0.8714285714285714,27.71077395506504,-82.7156862593387,6.687073571582635,15.957256785586758
88441a9021fffff,30,1.6678377636217365,0.23333333333333334,27.709064154098826,-82.67722917208769,6.536825189987819,7.63640257792068
88441a9023fffff,71,1.1537206808333562,0.0,27.720118402781594,-82.68449472949285,8.19234245200952,1.5183765205404045
88441a9025fffff,455,1.2063345602100914,0.03296703296703297,27.708969231917695,-82.67150793092136,11.036519445180893,1.5887083481216433
88441a9027fffff,114,2.585377208535637,0.41228070175438597,27.714123081040075,-82.67406941470094,8.318741983473302,5.688192756636564
88441a902bfffff,8,7.296848209276437,0.875,27.71062971235768,-82.69309453455212,-0.4359805826532344,4.091463357102015
88441a902dfffff,24,2.1750627335679193,0.375,27.700127824432602,-82.67811897193543,4.452379056413969,7.651795329325451
88441a9031fffff,66,4.670123985427794,0.6818181818181818,27.723882370413204,-82.69392972449076,6.461574085354806,8.85236833854962
88441a9035fffff,439,1.26064846700397,0.0979498861047836,27.723623934764817,-82.6883885139844,6.065959606766701,1.5736688728453299
88441a9037fffff,193,2.7032235634804964,0.45595854922279794,27.73203893081971,-82.69047874832435,6.648722909092903,3.5887605604273958
88441a9039fffff,59,2.2227045134153394,0.3050847457627119,27.716613767405814,-82.70038761876148,5.901603256364663,6.055799184028217
88441a903dfffff,133,6.818081455888962,0.8345864661654135,27.716854666623664,-82.693278240679,5.653663292030494,16.535082744810175
88441a904bfffff,81,7.323053780020961,0.9629629629629629,27.6824889309867,-82.72017601856697,5.473128067553044,15.684565184419164
88441a9051fffff,43,1.9516246322336352,0.3488372093023256,27.69687194843319,-82.72680402988048,6.254454616705577,1.6431391400262272
88441a9053fffff,298,1.4293808169699593,0.1610738255033557,27.70455759909382,-82.72915889554594,5.7335272941490025,1.6329734783790428
88441a9057fffff,70,6.0117553809641455,0.9285714285714286,27.70612905455598,-82.71890651684055,8.684694215158622,16.906203059808732
88441a9059fffff,188,3.5519979676599176,0.5904255319148937,27.689919041364682,-82.72783856765555,6.50989403496186,4.387648420772727
88441a905bfffff,365,1.8030459820265121,0.21095890410958903,27.698457114303647,-82.73418092582625,5.441634663244089,2.679275369723384
88441a905dfffff,301,5.813523057917336,0.7142857142857143,27.688721226472072,-82.72162430076675,5.970139856437842,17.613082613241797
88441a9067fffff,14,7.026578762372003,0.6428571428571429,27.69620442491731,-82.6780135792806,4.866380201379458,12.524702491598402
88441a9081fffff,324,1.3586946869721968,0.17901234567901234,27.75657828417709,-82.72932988169968,5.305715811898311,1.586751083998561
88441a9083fffff,333,1.3516521070910106,0.06606606606606606,27.7635763712029,-82.73329835698259,8.607011605699858,1.740610771330192
88441a9085fffff,323,1.8237311362389992,0.23529411764705882,27.756430199283653,-82.72131456023351,14.403392928044003,2.4536628699923
88441a9087fffff,755,1.1827145509688564,0.03443708609271523,27.762413529030763,-82.72515606110288,17.99255218068759,1.7010127481689223
88441a9089fffff,103,1.2148846719261563,0.0970873786407767,27.74739654637338,-82.7352572991722,4.882096006174883,1.5538047267028499
88441a908bfffff,129,1.3342813909810352,0.09302325581395349,27.756121607938088,-82.73886801142872,4.979422687192758,1.9349386475927015
88441a908dfffff,204,2.37324415987171,0.45588235294117646,27.748429670885,-82.72601519263664,5.144807254771392,3.776522636479154
88441a9091fffff,225,1.3563748722056832,0.09333333333333334,27.770814708741728,-82.74637905661218,5.135609228312969,1.600419311835307
88441a9093fffff,79,1.9616858022568837,0.22784810126582278,27.78044998461178,-82.74780434542524,7.518782371282578,3.094525137527654
88441a9095fffff,278,1.7477770730820734,0.07913669064748201,27.771623544902123,-82.73861016932791,15.59155204375585,2.928530620732184
88441a9097fffff,438,1.3465086226235146,0.0228310502283105,27.778563639325945,-82.74077786538501,17.78816106617451,1.7101664209865781
88441a9099fffff,195,1.51747056457081,0.21025641025641026,27.76450226490033,-82.75034569327657,5.012585331102213,1.6463910808535234
88441a909bfffff,38,1.3978211683477755,0.34210526315789475,27.770395090090084,-82.75453147967,3.5144531539579233,2.606340932701503
88441a909dfffff,184,1.5654133418736138,0.16847826086956522,27.76443225137037,-82.74195072622157,4.791266374886036,1.7507782078697058
88441a90a3fffff,135,1.4074389476259013,0.014814814814814815,27.769833548595127,-82.71217864475972,20.614481732447942,1.646123047937528
88441a90a9fffff,445,1.337633253888872,0.01348314606741573,27.753857785102326,-82.71287805547846,17.319704694747927,1.7337793101001178
88441a90abfffff,457,1.2941500455937804,0.0175054704595186,27.762485026570392,-82.71684184872373,19.711337065299354,1.6727013023367094
88441a90adfffff,7,1.2249299986094346,0.0,27.751701002432327,-82.70727748932701,18.754377803007763,1.5696889117588453
88441a90b1fffff,195,1.5803423023887395,0.005128205128205128,27.778972972326862,-82.72307219192463,19.93121205886205,2.27801544868343
88441a90b3fffff,262,1.1962269711907132,0.007633587786259542,27.784800808401446,-82.7283298646762,19.463358772595726,1.5571280544220851
88441a90b5fffff,206,1.4538091911722715,0.014563106796116505,27.777288316860243,-82.71668784444549,20.638066977262497,1.970068162582959
88441a90b7fffff,399,1.25513816148612,0.007518796992481203,27.78530490255882,-82.71881457341186,18.881637376149495,1.707760514919956
88441a90b9fffff,133,1.3074117908684173,0.03759398496240601,27.76797444469101,-82.72878405630156,19.611132627725603,1.683141531880401
88441a90bbfffff,35,1.333614572582955,0.0,27.777971889367873,-82.73457697578202,19.668063553969066,1.6528319802094715
88441a90bdfffff,328,1.3497074287481623,0.027439024390243903,27.768366278232207,-82.72042040479347,21.839896023273468,1.895591678675283
88441a90c1fffff,132,1.9161975831535991,0.38636363636363635,27.735164750875057,-82.73651155683415,3.74822276810805,3.533121029519
88441a90c3fffff,102,1.2617608338884863,0.1568627450980392,27.741391946234515,-82.73939676993142,4.414707744717598,1.7585046034966805
88441a90c7fffff,8,1.1312039133124099,0.0,27.74431735254251,-82.73414099995718,5.029706574628751,2.1234851218697606
88441a90c9fffff,83,1.720753483461737,0.25301204819277107,27.728053007773095,-82.74073004733049,4.128033834199111,3.4668363448126787
88441a90cbfffff,191,1.3476426435315292,0.13089005235602094,27.736006419817272,-82.74395086485161,4.423488070170085,1.6330108603453057
88441a90cdfffff,61,1.3985765382953306,0.18032786885245902,27.723431174591514,-82.73104184573126,3.2897145640850067,1.9850040363601784
88441a90d1fffff,180,1.528669863849994,0.2222222222222222,27.748952910395207,-82.75273004017424,4.166079629709323,1.8471050933709012
88441a90d3fffff,216,2.085954355315854,0.4305555555555556,27.757622241731674,-82.7557247473912,5.383782682816188,2.760787845913075
88441a90d5fffff,69,1.8578148665086596,0.30434782608695654,27.75142683351844,-82.74474018515691,4.947536612649759,4.755471853557632
88441a90d7fffff,114,1.4656508536693784,0.18421052631578946,27.757710006112045,-82.74872779586997,4.903596461464962,2.223552962462704
88441a90d9fffff,331,1.651765738524795,0.23867069486404835,27.744205027483986,-82.75624914960575,3.476565756301085,2.8341183310906883
88441a90dbfffff,417,1.7802160128943825,0.302158273381295,27.751206289351135,-82.76060442227391,3.625490635832151,3.769393214808596
88441a90ddfffff,218,1.4399819257934339,0.06422018348623854,27.741484296352343,-82.74915902135248,4.2877788515388975,2.450720741430826
88441a90e1fffff,307,2.1594006812473676,0.30944625407166126,27.741017857544566,-82.71229788812893,4.454517231881619,3.280873885332917
88441a90e3fffff,230,1.6181177984521176,0.23043478260869565,27.748384275850583,-82.71568883561878,11.259996523261071,2.011277064219402
88441a90e5fffff,433,1.835704511395242,0.06697459584295612,27.740906182863174,-82.70486307774352,12.816538202166559,3.068734465666
88441a90e7fffff,542,1.5793950146349225,0.03690036900369004,27.747363922768276,-82.70871611939407,14.951703719496727,2.3983126926986156
88441a90ebfffff,151,8.822771277633805,0.9403973509933775,27.74216167674435,-82.72133303265808,5.729327795505524,17.72577685287505
88441a9101fffff,1,0.7832845879079083,0.0,27.703652824844124,-82.64206363004068,5.357964614927769,2.40551731238082
88441a9103fffff,348,1.3178962000504513,0.05459770114942529,27.707405980751012,-82.64557448158423,7.806162618895373,1.5745036061237334
88441a9107fffff,121,1.1790522391966807,0.05785123966942149,27.707173448775368,-82.63940056995274,6.092620898783207,1.6798450055580636
88441a910bfffff,106,1.8061396869591078,0.20754716981132076,27.702561168989742,-82.65115334870303,5.418559029301008,3.0081343395912605
88441a9111fffff,335,1.9708502020224752,0.373134328358209,27.714082607387688,-82.65712709176846,14.16417071223259,4.677197539936963
88441a9113fffff,313,1.3834583935683176,0.04792332268370607,27.722185808403157,-82.66179044529731,17.30573595960935,2.028982449519418
88441a9115fffff,280,1.2498973305257024,0.014285714285714285,27.713823703670574,-82.64891534716806,10.764961383144062,1.556308725666088
88441a9117fffff,264,1.4332930780060495,0.026515151515151516,27.721585206809348,-82.65350257481664,13.038980414271355,1.8266515728060393
88441a9119fffff,402,1.163292881125154,0.05472636815920398,27.707418927185564,-82.66295544012522,15.499042221903803,1.5667455157971721
88441a911bfffff,290,1.5299298742447025,0.2517241379310345,27.714915675509307,-82.66805267755674,12.479978354374568,2.4640044551591602
88441a911dfffff,537,1.2047580637048054,0.0148975791433892,27.707563042077133,-82.65462294615514,12.136354353427887,1.5375204149088435
88441a9131fffff,235,1.6735647033711825,0.2425531914893617,27.720627970573183,-82.6380217864271,8.33737465540568,2.0771645630941302
88441a9133fffff,355,1.9257585307640583,0.056338028169014086,27.72795925038294,-82.6402814522724,8.380197612841924,2.3062939774707916
88441a9135fffff,44,3.2732410274816015,0.6818181818181818,27.722233611195758,-82.62884274738475,5.465508935252826,17.662005586009975
88441a9137fffff,402,1.2998768630139363,0.0472636815920398,27.72856399797413,-82.63131575319069,7.1083895685275404,1.5519082132413033
88441a9139fffff,535,1.2644698225342568,0.009345794392523364,27.713815879451232,-82.64117062559502,8.894679316083591,1.5610967513590746
88441a913bfffff,563,1.3787537898563902,0.021314387211367674,27.7210435966142,-82.64473545723138,15.94983469049136,1.6435070436203238
88441a913dfffff,107,1.5268300674909634,0.018691588785046728,27.713255170345924,-82.63492614949878,5.018895432253679,2.6106001347280703
88441a9153fffff,33,1.6907770120235313,0.18181818181818182,27.704663879744974,-82.66755286582287,8.571892650524775,2.1497889590635286
88441a9157fffff,109,1.706100204504693,0.13761467889908258,27.703181082990366,-82.65907203493434,10.08140854895115,2.3732565417763443
88441a9181fffff,94,2.2343720200069397,0.05319148936170213,27.74849694261779,-82.66915095647909,36.459094880024594,2.7039787732540668
88441a9185fffff,124,2.2517339263081206,0.14516129032258066,27.748114814010304,-82.66046714487602,41.35460073113441,2.8532413685064393
88441a9189fffff,214,1.8560076474345888,0.037383177570093455,27.746383410416925,-82.67281480706235,19.507124295036,1.9383395491442434
88441a918bfffff,153,2.332215223544925,0.1568627450980392,27.751263129015392,-82.67907377591557,33.097635866006215,3.2230626522850985
88441a918dfffff,287,2.360884729698123,0.1672473867595819,27.745541565988646,-82.66441578438328,16.170132078329722,2.2267338184791665
88441a9193fffff,157,1.4356201621675053,0.06369426751592357,27.777555765042514,-82.68799549173667,43.406255771319074,2.0679078727266518
88441a9197fffff,133,1.9104990127197063,0.03007518796992481,27.77699387646384,-82.68217328475244,45.47647895097733,3.1728870081697687
88441a91a1fffff,614,2.639607214277649,0.3289902280130293,27.757819174895637,-82.64580473558154,39.44877183914184,5.040617696043252
88441a91a3fffff,147,2.701808912759193,0.3333333333333333,27.762069934133862,-82.65004401656928,38.39280805190405,3.8856032376702325
88441a91a5fffff,294,2.4089992289712723,0.25510204081632654,27.756702223280126,-82.64030062590304,5.814986812422673,3.739229699206354
88441a91a7fffff,106,4.170196949086715,0.7358490566037735,27.76352946461938,-82.64290551234005,26.341792204181353,9.22213988412549
88441a91a9fffff,320,2.457089508345366,0.2375,27.749116553608314,-82.65034737803961,24.085064743161205,3.6190474654411107
88441a91adfffff,532,2.1295326834341184,0.08834586466165413,27.750425750233035,-82.64358442059812,6.077158139447372,3.08038719633828
88441a91b3fffff,238,2.088658169669627,0.14285714285714285,27.782469355756064,-82.66937003278866,49.34878942410151,3.2019359414329736
88441a91c1fffff,171,1.1021388114978536,0.011695906432748537,27.729803591300985,-82.67389067021357,20.915684832731884,1.5572610305928225
88441a91c3fffff,15,1.224957301651582,0.0,27.739030226713055,-82.67733318931234,20.75698348124822,1.6366172396342233
88441a91c5fffff,57,1.263975582361419,0.12280701754385964,27.732961055909684,-82.66538081400243,17.99369733850161,1.6732530747751886
88441a91c7fffff,123,1.2594030874706856,0.008130081300813009,27.735833103786277,-82.66988208535045,18.6750114830335,1.7561863383475311
88441a91c9fffff,55,1.2474364485184348,0.21818181818181817,27.722556022247225,-82.68144383246444,6.384616977175077,1.5478130901126108
88441a91cbfffff,228,1.40114627791784,0.09210526315789473,27.73078969070073,-82.68428346209778,7.871750672260921,1.7315050271876191
88441a91cdfffff,295,1.3974190434967002,0.04067796610169491,27.723239464602024,-82.67086094279105,18.45068414092064,2.265110763670615
88441a91d1fffff,420,1.7732539673214944,0.0761904761904762,27.746953297244065,-82.69281195729768,12.414320684174697,2.1371258345236273
88441a91d3fffff,346,1.8748080795296578,0.08092485549132948,27.752181821179768,-82.69368423931621,26.990316819747292,2.288667258551905
88441a91d5fffff,400,1.8530765275286571,0.0675,27.745423045312045,-82.68295526177386,8.353911391297977,1.9998399113709784
88441a91d7fffff,405,1.885700823133899,0.10617283950617284,27.752772206823,-82.68672381366054,28.780128084023794,2.3614602896310015
88441a91d9fffff,235,1.5134088029436874,0.0425531914893617,27.741156483016482,-82.69749590676139,4.404463510215282,1.98055224368263
88441a91dbfffff,556,1.4426668929537139,0.03776978417266187,27.745828965462444,-82.6995662309321,16.576497273445128,2.106703613301352
88441a91ddfffff,208,1.8986169184542088,0.15865384615384615,27.738044807108757,-82.68632039390546,11.939296081761519,4.736190255685304
88441a91e3fffff,429,2.1834854589791766,0.10023310023310024,27.74533484802676,-82.656438328352,16.661867849826812,2.536517520993306
88441a91e5fffff,692,1.4559021303531177,0.044797687861271675,27.73659315557894,-82.64387779154936,7.3080146676301965,2.2548806426156824
88441a91e7fffff,456,1.9442300281168567,0.07456140350877193,27.744212829307287,-82.64747623771,4.694329430808624,2.3296982039656653
88441a91e9fffff,61,1.382461454655072,0.04918032786885246,27.726981346385443,-82.65884213365713,19.001010691722236,1.9144351805567341
88441a91edfffff,25,1.7997776127829932,0.08,27.727820099402802,-82.64600913960989,5.731947422226271,1.8660354392184972
88441a9207fffff,1,5.022789709945566,1.0,27.663745398583604,-82.72739588320823,4.134909083247185,13.176471630925974
88441a922bfffff,7,7.9190018039577605,1.0,27.663875270447004,-82.72493134186678,4.7582977194587395,10.554855676826799
88441a9231fffff,50,7.25641737150255,0.88,27.67769216145035,-82.72851575918503,5.99418328170975,11.946635501600875
88441a9233fffff,126,2.3667737795793,0.3333333333333333,27.684939643763375,-82.7362244263929,4.137932135611773,6.037828996836558
88441a9235fffff,328,6.595306275413044,0.8445121951219512,27.676267581436854,-82.7232825772379,5.736658487270276,13.642659524762983
88441a9237fffff,531,7.090519888690403,0.9190207156308852,27.68269895100918,-82.72530522159057,6.302406144638857,15.974033218265873
88441a923dfffff,58,6.86788786111848,0.9482758620689655,27.668761179858144,-82.72660304029571,4.827788031051556,16.41924474402213
88441a92a1fffff,63,2.7785659166659276,0.47619047619047616,27.712240112505373,-82.73790409693986,4.3473691017429035,7.084401553088833
88441a92a5fffff,346,1.426375469978793,0.15895953757225434,27.71282362431149,-82.73264258512404,3.8582028954227767,1.7270038354571473
88441a92a7fffff,339,1.5041523700063966,0.31563421828908556,27.719569238181148,-82.7361901206689,4.19266054948171,2.330251504041656
88441a92adfffff,147,2.4713740463218574,0.42857142857142855,27.705346548741403,-82.73592549912175,3.5058666214346887,7.708101742715671
88441a92b5fffff,1,11.532001875452288,1.0,27.731142264016267,-82.74623707103574,5.56679869145155,23.927057685571455
88441a92b7fffff,111,1.7509736598595163,0.11711711711711711,27.73838353749738,-82.75130097272131,5.628320026596388,3.5472220608552187
88441a92e5fffff,156,2.1855608621342766,0.26282051282051283,27.69077899084874,-82.73674630941076,3.535117229471604,5.845072259910383
88441a9401fffff,224,1.831633399702446,0.3482142857142857,27.813671694876238,-82.81655631298784,3.576614338209232,3.0678783485708445
88441a9403fffff,255,1.5342447140993858,0.32941176470588235,27.820621786058886,-82.82176021096448,4.014225172102451,2.906718396236874
88441a9405fffff,291,1.4152566288980242,0.17869415807560138,27.811641309705536,-82.81065373907694,3.2795632172127567,1.899992328770434
88441a9407fffff,96,1.5218015306841597,0.23958333333333334,27.81842100012416,-82.81423957835202,3.635348066687584,2.2572445607575955
88441a940dfffff,21,4.513776920255522,0.5714285714285714,27.80844737785398,-82.811884648386,4.857682399253051,14.3779135466024
88441a9411fffff,99,2.2247241687527266,0.35353535353535354,27.82934473967827,-82.83181341727594,4.095813755293688,5.618957028973854
88441a9413fffff,65,2.0423190084226497,0.4153846153846154,27.836209218690673,-82.83627742798367,5.049397774438064,6.45080276826429
88441a9415fffff,365,1.940982740026973,0.3863013698630137,27.827268283554908,-82.82534153063229,4.147550405263901,2.696309952934252
88441a9417fffff,163,1.4404260592579383,0.2331288343558282,27.833323158049186,-82.83028707457174,3.362802071372668,2.541384872236299
88441a941dfffff,31,1.7153739688373688,0.41935483870967744,27.823145322633835,-82.8281320913356,4.432702523072561,6.423336625780619
88441a9421fffff,556,1.9430092956161054,0.26798561151079137,27.818687771049156,-82.79578634327855,6.7652411522467935,3.0779606757858353
88441a9423fffff,444,1.455196837458749,0.12612612612612611,27.826362792267762,-82.79904043185313,17.249004497329395,1.5851718726697857
88441a9425fffff,379,1.4953880430390643,0.052770448548812667,27.818224287937554,-82.78712878653538,25.029604831536613,1.6403927319785474
88441a9427fffff,218,1.259390768403115,0.045871559633027525,27.82414630911152,-82.79302669991033,28.967840100129447,1.5379474758914202
88441a9429fffff,38,1.4785690017067346,0.21052631578947367,27.813263020120147,-82.79841316118377,4.25501513555646,2.1986073486108637
88441a942bfffff,211,2.1340215254693446,0.4075829383886256,27.819360167733,-82.80301202992713,3.7111557148893675,2.8828950177510757
88441a942dfffff,137,1.5160127882087266,0.11678832116788321,27.813692642407343,-82.79180830201132,7.61955860555172,1.7947599444398288
88441a9431fffff,45,2.5310949970001633,0.4666666666666667,27.836905316855315,-82.81235427951682,15.461007181803387,6.95232701716737
88441a9433fffff,142,1.9491476575990472,0.29577464788732394,27.8403717835713,-82.81658902719711,16.234150624076527,4.5424303611499735
88441a9435fffff,326,1.7892127477953905,0.2116564417177914,27.83391545668106,-82.80359977270582,27.950245357354483,1.7009870547829333
88441a9437fffff,156,2.5103752454586927,0.38461538461538464,27.8391488290624,-82.80820146303971,33.74193888545037,2.4899650977179433
88441a9439fffff,95,1.6541210344009092,0.18947368421052632,27.826247682056174,-82.81895420645282,4.278821941812834,1.953346485848165
88441a943bfffff,70,3.257788118348639,0.5428571428571428,27.837856556192158,-82.8198320505901,7.593632983565331,7.358637065383467
88441a9461fffff,43,1.3789193319850594,0.20930232558139536,27.7994852107351,-82.79860275308306,4.342945695022742,3.1716034190362814
88441a9463fffff,183,1.8001048590366915,0.33879781420765026,27.805926211206422,-82.80565877960039,3.613080848455429,3.7767036843140396
88441a9465fffff,393,1.4008348814908158,0.178117048346056,27.797109764443938,-82.79243843821597,3.3167039938767755,2.7584816928990668
88441a9467fffff,157,1.6626317301839502,0.24203821656050956,27.80192626413055,-82.79767951208592,3.8582040687402093,3.3532146561760996
88441a9481fffff,428,5.558921374758639,0.5677570093457944,27.86542910181329,-82.8441231318192,7.279888293246429,14.764822858343905
88441a9483fffff,143,2.57410498639237,0.42657342657342656,27.87371220491888,-82.84813367490857,7.149583179155986,4.210814326423533
88441a9485fffff,407,1.7149500373657958,0.12776412776412777,27.864619616463287,-82.83706197816556,25.37808323780696,1.608645154888186
88441a9487fffff,435,1.8110555966517676,0.12413793103448276,27.872774974958364,-82.84162436644273,22.372106552918755,2.4339091269995885
88441a9489fffff,120,5.31579047712054,0.65,27.858940938109413,-82.84706502506792,5.435298944662016,14.972617045021046
88441a948bfffff,6,2.4956137354554224,0.3333333333333333,27.867945938008408,-82.84960079695088,7.553115203777949,8.380537991351261
88441a948dfffff,370,4.4576717826462975,0.6162162162162163,27.859189389475706,-82.84027318356574,7.7104105298717815,11.85588491380601
88441a9495fffff,59,2.1849563899623505,0.3559322033898305,27.880331507050833,-82.85050908122997,5.42905083378156,6.644291515702452
88441a94a1fffff,27,2.537766169870138,0.25925925925925924,27.871106842002558,-82.81945122132974,50.868955133756,3.274559537857216
88441a94a5fffff,31,1.45555968351325,0.06451612903225806,27.869371152975237,-82.81371499445247,55.904839811325076,3.252897943787378
88441a94a7fffff,47,1.7269614995723115,0.14893617021276595,27.876232205227513,-82.81833456217338,47.70981828451157,4.0650087053635655
88441a94a9fffff,21,1.222448743993797,0.0,27.862491965687706,-82.83162833034595,45.00562197208405,1.5020719473815278
88441a94adfffff,67,1.567705772689308,0.07462686567164178,27.865108982490643,-82.81838702864816,57.40057235876719,4.031576341265062
88441a94b1fffff,239,1.9883699607433976,0.18410041841004185,27.885770685944905,-82.83853695257787,15.225441023111344,1.8460731783545679
88441a94b3fffff,364,1.4071266781213727,0.28846153846153844,27.895020567230247,-82.84485590047895,3.7679300032556062,2.2031061036260815
88441a94b5fffff,222,1.500354002587049,0.09009009009009009,27.888375560721396,-82.831118717513,33.66253032604854,1.7551833366865717
88441a94b7fffff,153,2.614207198758083,0.42483660130718953,27.89283983163509,-82.8335795155785,14.91134863972664,2.963992282264271
88441a94b9fffff,174,2.652284291236537,0.46551724137931033,27.87793497868386,-82.84411455758675,11.520785877903304,4.478288198310828
88441a94bbfffff,482,5.9365771063644335,0.5975103734439834,27.888111115630846,-82.84781293249884,3.6432658082743488,12.56981381282834
88441a94bdfffff,134,1.695718877561788,0.17164179104477612,27.880512572600356,-82.83823396883761,35.35438835779826,1.9134968690025211
88441a94c5fffff,122,8.35571677060721,0.8032786885245902,27.84486378857506,-82.841330494477,4.5233764942487085,14.26102596606064
88441a94c7fffff,34,7.384308034716229,0.6470588235294118,27.851905619587615,-82.8450962719897,5.560943641910951,18.704567910944142
88441a94e1fffff,265,1.8945990795326924,0.2,27.84899653108161,-82.83059655183752,27.694340132077535,1.840682758837979
88441a94e3fffff,459,1.3945369142170907,0.0392156862745098,27.856814001225118,-82.83319397169942,35.65871874014537,1.5521341709359948
88441a94e5fffff,6,4.177438677804128,0.6666666666666666,27.845992902200425,-82.82080048866783,44.14749045491219,3.2861849874649964
88441a94e9fffff,280,2.4665304894705433,0.35714285714285715,27.843944937816595,-82.83248680630675,8.996698484619458,3.3317435949500007
88441a94ebfffff,373,1.9818584914690782,0.225201072386059,27.850811411064416,-82.83580919649025,12.560260644157728,2.485527988436573
88441a94edfffff,330,1.8733261920153428,0.2545454545454545,27.842329205347585,-82.8247124983216,13.639744752645495,2.656955553773817
88441a9501fffff,295,1.5940023310554128,0.19661016949152543,27.809273337042377,-82.75790850408059,4.4020269210139915,1.805696708613497
88441a9505fffff,379,1.422289829463004,0.06068601583113457,27.80877492998766,-82.748058599725,16.578950289090475,1.759439705224734
88441a9507fffff,266,1.293561651148125,0.05263157894736842,27.816102851484054,-82.75060120999397,11.398891494274139,2.078188935560555
88441a950bfffff,10,5.683223473428377,0.8,27.80948349094573,-82.7615467676391,1.5535924477626881,6.419605749310893
88441a950dfffff,535,1.3650435504280518,0.05794392523364486,27.801105220068,-82.7530101894634,15.02343956510226,1.653337794958559
88441a9511fffff,333,1.4779958627769445,0.15915915915915915,27.82410135466922,-82.7747954501369,14.188852617740633,2.0566865421369087
88441a9513fffff,322,1.581969842858367,0.10869565217391304,27.83117942937692,-82.7792250008215,7.946302479704221,1.7527674085437017
88441a9515fffff,57,3.3115233791839174,0.5087719298245614,27.825454079349075,-82.76324023791571,5.9618233824769655,7.822866639487806
88441a9517fffff,73,1.9471610980425835,0.3013698630136986,27.832400570821598,-82.76702813158994,5.94944566577673,2.6508353618842633
88441a9519fffff,470,1.2586741642391983,0.07659574468085106,27.818368231131043,-82.77801904418173,17.562216110428174,1.5336866997276453
88441a951bfffff,453,1.2007635543587005,0.01545253863134658,27.824988776321234,-82.78285545752635,31.324002302487692,1.5362144879386066
88441a951dfffff,83,1.1496462467661581,0.012048192771084338,27.817451127365207,-82.77326818410826,15.680854015747707,1.4999413568225775
88441a9521fffff,604,1.3306987848514429,0.0695364238410596,27.814742850450838,-82.73436197157542,15.216908658742906,2.0814401764779245
88441a9523fffff,621,1.2987337844277556,0.04186795491143317,27.821827250266626,-82.73837487911618,13.061616054177286,2.156324260997697
88441a9525fffff,314,1.3125892682713807,0.054140127388535034,27.81325558561761,-82.7256483991767,18.246172565817837,1.740073555510464
88441a9527fffff,280,1.385149936253335,0.125,27.820417655227132,-82.73104854801181,16.019408503174784,2.0971183745401345
88441a9529fffff,419,1.2910116151153734,0.06205250596658711,27.809250002276602,-82.73830531824481,19.48487897872925,1.5904295939282163
88441a952bfffff,612,1.3888460679606847,0.03758169934640523,27.816022454201487,-82.744498607157,12.01783521294594,1.8211524878495018
88441a952dfffff,401,1.2689304901683707,0.007481296758104738,27.806690203929435,-82.7316133252442,17.12385924220085,1.6637204541792423
88441a9531fffff,36,1.3245540667239712,0.16666666666666666,27.827762204823035,-82.75002293000566,8.268907672166824,2.76031300760393
88441a9533fffff,182,1.3712873797842469,0.1813186813186813,27.839754595079874,-82.75587772083861,9.024322679142157,1.5953328064259176
88441a9535fffff,254,1.3312558410130233,0.08661417322834646,27.828952830237778,-82.74094575396582,9.867896846930186,2.177539620187086
88441a9537fffff,145,1.5134822243819852,0.13793103448275862,27.836938179690268,-82.74480652453451,10.75428966999054,2.3176584657806503
88441a9539fffff,17,2.2387508752789698,0.47058823529411764,27.822606794878222,-82.75326742539035,5.624447687963645,13.314241283752843
88441a953bfffff,158,1.334449163934479,0.13291139240506328,27.83094605154618,-82.76119977879252,8.324614828328293,2.4681225958427078
88441a953dfffff,457,1.2605552343565425,0.05689277899343545,27.82153568731779,-82.74666480593177,10.137411772211394,1.8851673993682279
88441a9541fffff,39,1.641720056303433,0.20512820512820512,27.784754697149012,-82.76523417512671,4.863262696961562,1.6133257570159512
88441a9545fffff,77,2.379977323933536,0.4025974025974026,27.78798694885903,-82.75182270504963,12.767446600794793,4.827327398731548
88441a9547fffff,102,1.8697520679248858,0.20588235294117646,27.794738930152086,-82.75510540829193,6.555921126753092,2.098815818373326
88441a9549fffff,314,1.133660222897737,0.06050955414012739,27.780487656807658,-82.76770145885529,4.353216329167287,1.594758216292746
88441a954bfffff,40,1.281849812472592,0.225,27.785029217682943,-82.76979784655752,4.360312161892653,2.529957322698377
88441a954dfffff,99,1.1732260422944178,0.1717171717171717,27.778775675464786,-82.76103786988529,4.256738152205944,2.126542687877608
88441a9551fffff,34,1.2626621027473757,0.11764705882352941,27.800569693203293,-82.78140305286918,3.314436753491561,1.7702503012484156
88441a9559fffff,353,1.3972476870878434,0.14447592067988668,27.796422383766977,-82.7844121775011,3.8010689852635067,1.7065210210827098
88441a955bfffff,104,1.3376923402771137,0.3173076923076923,27.8016590218348,-82.78729400693214,3.3283994264900683,2.6337856577945806
88441a9561fffff,86,1.1341413799036801,0.0,27.790423856449763,-82.74259756850837,20.17239527920882,1.5057953245277858
88441a9563fffff,194,1.3768204532969484,0.10309278350515463,27.802396206956434,-82.74521732030185,19.974620892802875,2.1037397388880215
88441a9565fffff,36,1.1681362622065308,0.0,27.7955408010652,-82.73090219409204,19.58155877073606,1.576553580557372
88441a9567fffff,102,1.2245927345436163,0.00980392156862745,27.801119533985162,-82.73271927813778,19.882862776319186,1.5251660589105192
88441a9569fffff,501,1.216993955088102,0.02594810379241517,27.786032662770296,-82.74531048816897,18.60400074760119,1.5612891715714494
88441a956bfffff,451,1.2412638426766949,0.028824833702882482,27.793450682755097,-82.75048087303352,18.574128085772198,1.58664112547919
88441a956dfffff,156,1.168729677284928,0.02564102564102564,27.7841009653767,-82.7375204033821,21.440513631304107,1.5295212506198665
88441a9581fffff,150,1.4974455933523054,0.08666666666666667,27.86176492458302,-82.78631693205458,9.074974010487399,1.6462208660105921
88441a9583fffff,344,1.230446012945154,0.005813953488372093,27.869274305069947,-82.78782893537958,25.578279351393384,1.5266886721283306
88441a9585fffff,7,2.0617355268229614,0.0,27.862641175868493,-82.77307785922471,9.077066035469374,8.835627431666198
88441a9587fffff,576,1.4632076006346528,0.06597222222222222,27.868427947963433,-82.78026524585113,7.687323944965998,1.8701236904408174
88441a9589fffff,434,1.1730600576305823,0.041474654377880185,27.854734834324766,-82.78920965466337,26.72551159063975,1.5183606353289711
88441a958bfffff,187,1.2254908931956576,0.016042780748663103,27.861961185845367,-82.7903616226016,27.56515006065369,1.5167665197863585
88441a958dfffff,4,1.5067503092823857,0.25,27.855206545458227,-82.78128032837326,6.262086851050457,4.242787484941276
88441a9591fffff,236,1.3455973952873443,0.038135593220338986,27.876640041754392,-82.80150137617944,54.72919138828914,1.9759224217890112
88441a9593fffff,19,1.8807052402740703,0.10526315789473684,27.882132992864214,-82.80328306044821,62.80809516429901,3.896357650729125
88441a9595fffff,5,1.0175512301917717,0.0,27.874079654741223,-82.78819013930894,33.50027460495631,1.5402786853604722
88441a9599fffff,117,1.6633408067313604,0.06837606837606838,27.871108834083977,-82.80622801334957,55.81574277877808,2.250192699773015
88441a959bfffff,3,1.1631219493772986,0.0,27.88094644230044,-82.81225916512146,50.07573623021444,4.111499621319919
88441a95a1fffff,382,1.6065617326592683,0.1518324607329843,27.867177047023517,-82.76207865520844,13.832178980310758,2.829682123012814
88441a95a3fffff,448,1.2941679126557024,0.04017857142857143,27.875389521516354,-82.7657855516869,9.19334765960773,1.78150799303741
88441a95a5fffff,109,1.4637532273412954,0.09174311926605505,27.864619821683625,-82.75218964907168,15.038800636927288,2.6056509403533266
88441a95a7fffff,24,2.0287903253274346,0.08333333333333333,27.87089720371446,-82.75822905254164,16.698812486926712,4.093267597650955
88441a95a9fffff,247,1.6175440760858733,0.20242914979757085,27.859142833270354,-82.76627718918112,10.380373741785686,3.148406287637802
88441a95abfffff,334,1.4415859501222292,0.07784431137724551,27.868139570973145,-82.7719883538455,10.945948334832988,2.3543229190945376
88441a95adfffff,836,1.4953966452463638,0.10406698564593302,27.859769921371633,-82.75828698974473,14.687147233684858,2.378081033919139
88441a95b1fffff,338,1.427333180892459,0.17751479289940827,27.883341362123446,-82.78074623792048,11.746165685753029,2.440893757147758
88441a95b3fffff,624,1.4851619147155906,0.0641025641025641,27.88880327582334,-82.78194337661512,13.971810012459756,2.147085468060562
88441a95b5fffff,280,1.4053340678579413,0.1,27.882326898078205,-82.76840800465783,10.288608194291593,2.1167890888163745
88441a95b7fffff,607,1.4241694769739321,0.04612850082372323,27.890455260952127,-82.77466844848533,7.914142631093662,1.8973935390969099
88441a95b9fffff,881,1.2625120841354105,0.014755959137343927,27.876035185761022,-82.78278334866627,15.170080777804058,1.50917982343802
88441a95bbfffff,311,1.394545079771808,0.012861736334405145,27.883295199189217,-82.78476311088583,29.636277476946514,1.511006733725826
88441a95bdfffff,204,1.7411397555366999,0.09803921568627451,27.87462047823627,-82.77504030230901,7.407057129840057,2.0302282663074247
88441a95c1fffff,134,1.1301921100940162,0.029850746268656716,27.838234414826474,-82.79050055553878,35.34377061724663,1.7057239493930374
88441a95c3fffff,165,1.3768076579516366,0.006060606060606061,27.84750128217969,-82.79096389305079,23.95729438583056,1.6482179926760063
88441a95c5fffff,79,5.964904021523753,0.620253164556962,27.838560043703417,-82.7834974711928,9.201182682315508,17.249316507794582
88441a95c7fffff,462,1.5546250299064333,0.04329004329004329,27.84683371295465,-82.78679958329236,14.804902935624124,1.696670432641683
88441a95c9fffff,285,1.2624883074540345,0.0035087719298245615,27.83352008248744,-82.79561184537475,39.18180927038193,1.5304202386782788
88441a95cbfffff,250,1.5604772049662432,0.08,27.839877615831888,-82.79757852580555,44.95605947931608,1.6074992607213798
88441a95cdfffff,276,1.4474401483918633,0.11231884057971014,27.833404861687598,-82.78443975264531,22.464858860373496,1.7530472352290458
88441a95d3fffff,96,1.5718968730807659,0.08333333333333333,27.86448418374025,-82.81201643739489,56.83177935600281,3.3652291211973404
88441a95e1fffff,406,1.3881520811376582,0.18719211822660098,27.84579422256056,-82.76738699643835,7.667167524794738,1.9443513703881417
88441a95e3fffff,289,1.2808777091117982,0.09342560553633218,27.852527821697628,-82.76988491957502,6.957714490493139,1.8576699394172524
88441a95e5fffff,548,1.1374991204873368,0.05656934306569343,27.845360093890516,-82.75863558259934,12.587230909764767,1.5245199953530086
88441a95e7fffff,506,1.154168133088616,0.017786561264822136,27.852936980125055,-82.76287138451939,12.844358340700467,1.5541597714479103
88441a95e9fffff,145,8.498885614462324,0.7931034482758621,27.83769492431349,-82.77174871428699,6.033866246143977,16.233979884818083
88441a95ebfffff,61,2.0071006400424447,0.32786885245901637,27.847286891272997,-82.7736883631499,5.862278740406037,3.720624171232492
88441a95edfffff,195,1.5110632927339425,0.14871794871794872,27.83841244345215,-82.76512650740045,7.584151796499889,2.5963435348809885
88441a9721fffff,42,2.2513647156078234,0.3333333333333333,27.76523834827511,-82.76662659606401,3.9781131992737455,6.426143689666894
88441a9723fffff,220,1.3361121772659783,0.22272727272727272,27.774432807726246,-82.77130780630002,4.506209295789401,1.6427554901533914
88441a9725fffff,346,1.6071697929201958,0.3786127167630058,27.76534576723467,-82.75961177936782,4.46800060470899,3.4533755528080503
88441a9727fffff,125,1.2927769867033696,0.168,27.773520689175758,-82.76423615698722,3.758100145359834,2.2294254580813853
88441a972dfffff,178,2.1988656958515214,0.38202247191011235,27.75803930368126,-82.76365400581302,4.30992072035869,5.859289412596081
88441a9731fffff,28,4.441047815346436,0.5357142857142857,27.780534815008775,-82.78185000471298,4.821344171712797,16.224043056005335
88441a9733fffff,214,2.0806625852472327,0.3317757009345794,27.790202979159538,-82.78666606095084,3.8068837509055937,4.30916048403966
88441a9735fffff,276,2.434620763263589,0.45652173913043476,27.779902935307067,-82.77667385705527,4.167961630870899,6.329647904357015
88441a9737fffff,191,1.567321861857297,0.2094240837696335,27.789116752793344,-82.78254843654156,3.044095421632131,3.0139421384902985
88441a973dfffff,31,2.6745782218186376,0.4838709677419355,27.777133666219342,-82.7795464539153,4.523205972115199,11.37945635476019
88441a9891fffff,75,1.7917657254672426,0.29333333333333333,27.814726525803124,-82.59202448760344,5.437107222378255,1.791981494892728
88441a9893fffff,312,1.5636011804083472,0.1794871794871795,27.81928439855289,-82.5949615675303,5.073912286659082,1.6401372871940452
88441a9897fffff,46,2.178875522649151,0.30434782608695654,27.8180592283756,-82.58921401701011,5.64798189346989,2.711756385394213
88441a989bfffff,217,1.5387592828938255,0.2857142857142857,27.813142317544386,-82.60053760780607,3.9155503493547443,2.106676069338805
88441a98dbfffff,30,3.751721791029249,0.6666666666666666,27.793471442692432,-82.60775026571693,5.422333004822335,11.24018492055034
88441a9a99fffff,86,1.8962594822259509,0.06976744186046512,27.754399110786803,-82.632059702201,9.63065401762724,3.1369096995714436
88441a9a9bfffff,6,4.663119298116044,0.6666666666666666,27.765841613154986,-82.635678422348,7.938874598145485,11.791393814542957
88441a9acbfffff,35,1.4401483852534331,0.08571428571428572,27.727794774387718,-82.62633589917019,5.860289185146491,1.9804518839873295
88441a9ad1fffff,122,1.500155548395294,0.16393442622950818,27.741833602802284,-82.62919819494381,6.139475179364284,1.8956297262677013
88441a9ad3fffff,678,2.097998316500921,0.10324483775811209,27.74991663739143,-82.63442177412149,11.730627051889897,4.059635092838809
88441a9ad5fffff,6,2.242237944926693,0.3333333333333333,27.744784783899075,-82.62387161981523,4.891066409051419,2.0768326242658817
88441a9ad7fffff,158,1.3493417933952867,0.10759493670886076,27.746766896706106,-82.62660060589693,5.420953183521827,1.586963940653265
88441a9ad9fffff,270,1.3635327250899953,0.17777777777777778,27.733962577194877,-82.63448713882497,6.196894596765439,1.591176351067867
88441a9adbfffff,443,2.1628782784042966,0.11512415349887133,27.743870631951562,-82.63966308577376,9.196558247208596,3.1068405994752606
88441a9addfffff,360,1.2994622670888765,0.11388888888888889,27.734090513588125,-82.62795065420934,7.63884559750557,1.5079516167605767
88441aa325fffff,28,7.899966804967168,0.9642857142857143,28.171691348036994,-82.79466317138812,5.765887975593408,16.961845500131023
88441aa32dfffff,39,11.12923225295549,1.0,28.169956949859245,-82.79754715760066,5.3309450699885685,16.93329809964364
88441ab163fffff,11,1.1406786328049727,0.36363636363636365,28.06098047150048,-82.81642028047223,5.1372022022803625,8.44730322781225
88441ab167fffff,13,1.4965585251649562,0.15384615384615385,28.060977375439037,-82.81395875370217,5.052428844471772,2.5485726746269615
88441ab801fffff,118,1.9565340465807468,0.2627118644067797,28.11354264744413,-82.736712698673,5.072835767914851,4.074249884324558
88441ab803fffff,175,2.1593090467899376,0.2857142857142857,28.11967567727831,-82.73941879773592,9.101383430361748,6.410274541265885
88441ab805fffff,11,1.5419108040624208,0.09090909090909091,28.110779723267264,-82.73247150841975,5.536637393534184,2.3534971510439524
88441ab807fffff,30,3.3207679007697695,0.5333333333333333,28.11919611024614,-82.7362979040931,9.447441673874856,5.655084128163509
88441ab809fffff,290,2.2465103074071306,0.3,28.10571142266374,-82.74223031709752,14.265110428730647,2.4303019036514506
88441ab80bfffff,350,3.0382367774909356,0.5171428571428571,28.11247585027384,-82.7456884406173,18.807377333641053,4.422272404605057
88441ab80dfffff,639,1.4850822398594163,0.107981220657277,28.104802757629074,-82.73354266080598,6.989179735183717,1.8237501258837001
88441ab811fffff,398,2.34967923415614,0.32914572864321606,28.12779355592392,-82.75339388513096,19.48920539120833,2.870216473729865
88441ab813fffff,59,3.645419370824614,0.6101694915254238,28.136940544756786,-82.76012910886634,8.704809178113939,11.204075748888567
88441ab815fffff,170,1.9520859148736747,0.24705882352941178,28.128756589920098,-82.74673771802327,13.229361336429914,1.9706237692678958
88441ab817fffff,262,1.9701890322621898,0.1984732824427481,28.135571556315522,-82.74625862299007,17.354926119645437,1.9293609156109575
88441ab819fffff,198,2.6288485727895505,0.4292929292929293,28.123006606837507,-82.75846823717588,12.791407307187717,2.9791165653414367
88441ab81bfffff,49,2.4419880430299545,0.40816326530612246,28.126233546314054,-82.7642104584265,9.249840156237285,3.641877531759349
88441ab81dfffff,102,2.935939000396985,0.47058823529411764,28.122703084566357,-82.74974123762074,25.155459552605947,2.3734837002090723
88441ab821fffff,205,1.9421819662059956,0.03414634146341464,28.118869561921716,-82.71552333489446,20.840450154542925,3.135066213781279
88441ab823fffff,123,2.1146061297494745,0.17886178861788618,28.125262612691706,-82.71673247317592,20.08165638446808,3.59050326176644
88441ab825fffff,213,2.0795574813226145,0.15492957746478872,28.11812854740034,-82.70553125101021,18.143468962113065,3.2804031990316265
88441ab827fffff,183,1.9519375432344908,0.04371584699453552,28.126820432515775,-82.71149876109479,19.999384930531185,3.4950800714536796
88441ab829fffff,114,2.2422314842438116,0.21052631578947367,28.11335085664152,-82.71830692776048,13.899618137478829,3.3577242772656155
88441ab82bfffff,37,1.958263333530142,0.08108108108108109,28.118721138877103,-82.72015046149342,16.90629020849864,3.4062317051250304
88441ab82dfffff,238,2.1183289583809666,0.11764705882352941,28.111502385684595,-82.71076851577907,17.454794206221898,4.036739040442551
88441ab831fffff,30,3.336179964242945,0.6,28.133918369856335,-82.73368292083252,5.287266177485387,5.244969606136687
88441ab833fffff,306,2.9687082001107306,0.49673202614379086,28.142677985248607,-82.73450657932035,17.65135460019112,2.4917987302098545
88441ab837fffff,29,2.6055642341775602,0.41379310344827586,28.143271932595464,-82.72970041924378,6.176892467836539,2.9981120843742675
88441ab839fffff,34,2.2464889308824567,0.4411764705882353,28.130152233649248,-82.73577947257618,5.605094208021959,2.792332653991221
88441ab83bfffff,200,1.6856107609207567,0.2,28.135358254004842,-82.74314359513386,18.308530476291974,1.9188794389514876
88441ab841fffff,77,1.9566000768600273,0.15584415584415584,28.09441310866104,-82.74444938224562,45.515389285882314,3.0805597908566815
88441ab843fffff,456,2.3714119695079745,0.375,28.098419437346013,-82.74508002082554,18.84610775987307,4.054515368491824
88441ab845fffff,135,2.0823377232386466,0.14814814814814814,28.092764556525264,-82.73160102132536,37.342538765271506,2.615489479816088
88441ab847fffff,420,1.6974485674509292,0.1761904761904762,28.098746589484914,-82.73732576144818,16.662929310997328,2.0144729150021856
88441ab849fffff,391,1.8676447947148487,0.13043478260869565,28.084747545410625,-82.74706898644736,72.89348751703899,2.319833097831234
88441ab84bfffff,179,3.491474963156201,0.5865921787709497,28.091444918862273,-82.75227293951536,58.99752309004466,3.0140538353126693
88441ab84dfffff,200,1.6753089210739587,0.11,28.08359330959649,-82.74050073795752,76.14578577041627,2.369808401884834
88441ab851fffff,81,4.3733132896657,0.7901234567901234,28.105359151934508,-82.76035168764925,23.21688571770986,8.383485065751826
88441ab853fffff,28,3.1099926097547046,0.5357142857142857,28.11709524166853,-82.76654723182608,9.014128506183624,6.348699486565195
88441ab855fffff,34,3.42691285884482,0.6764705882352942,28.107204730142165,-82.74742323795856,10.630688109497228,5.550379450143758
88441ab857fffff,2,1.09515350800719,0.0,28.113190099278942,-82.75597137206495,25.65119007885456,5.42361337964907
88441ab859fffff,228,4.0803634129890405,0.7192982456140351,28.100181946829117,-82.76447342540735,18.163726678689322,3.8303130362890756
88441ab85bfffff,48,3.676801424359316,0.6666666666666666,28.10541268320338,-82.76774876503713,15.401943164467813,5.037871366467121
88441ab85dfffff,134,5.18654408077081,0.8507462686567164,28.099352894037388,-82.75670893409564,19.61862543284893,5.700581420873649
88441ab861fffff,67,2.7805731709940598,0.44776119402985076,28.096480842161064,-82.72386371986765,8.077158661882082,3.9725129441460405
88441ab863fffff,16,2.0428237464341423,0.1875,28.102345980291542,-82.72753579686464,5.205184800972542,1.7816550031905147
88441ab867fffff,10,4.5834967678109635,0.9,28.106220842094512,-82.71435531705046,5.695301981071632,7.406802328458979
88441ab869fffff,273,2.7714198496828315,0.45054945054945056,28.091104730934692,-82.72517386721091,33.81010237058004,3.5342817782720886
88441ab86bfffff,552,1.8412667637595317,0.16304347826086957,28.098208802081693,-82.72983388026796,11.668633652031422,2.3143892710588077
88441ab86dfffff,212,3.2796336218159565,0.5990566037735849,28.08839514768597,-82.7180841343639,33.40016090393067,3.242909788840085
88441ab881fffff,109,3.0042483919716405,0.5045871559633027,28.1637294356217,-82.76525615844031,9.483974867661795,5.408063000628283
88441ab885fffff,38,2.1122490868311194,0.18421052631578946,28.16490315005718,-82.75288906185781,7.423449156582356,2.307989502168849
88441ab887fffff,244,2.0451216464409616,0.06557377049180328,28.1710401276054,-82.75891116688786,9.838378526965776,3.1735211989258323
88441ab889fffff,125,2.422725070115591,0.376,28.157873481400962,-82.76896264999054,7.048275040984154,3.1161760171944533
88441ab88bfffff,7,2.8098645838326846,0.42857142857142855,28.163985132603365,-82.77238655415965,5.947924655278524,8.172190234430913
88441ab88dfffff,69,2.7898583943967763,0.42028985507246375,28.158633157878665,-82.76022523226268,6.74634291946888,3.647075280228653
88441ab899fffff,25,1.9196689034697978,0.12,28.172003659231258,-82.78335607723429,5.571111806333065,3.350795930541331
88441ab89dfffff,1,1.8797477687640463,0.0,28.17075365462883,-82.77993620330255,8.586784395376842,2.594748378124825
88441ab8a1fffff,112,2.2764867432178115,0.24107142857142858,28.169782307536774,-82.74326534336355,17.622469089428584,2.695256215286764
88441ab8a5fffff,136,2.216130959423465,0.19852941176470587,28.171964484896378,-82.73415244336583,8.43434151907762,2.667037769162011
88441ab8a9fffff,289,1.8853276200786548,0.19377162629757785,28.165915194606676,-82.74733932300698,13.999225747585298,2.6149946212855397
88441ab8abfffff,153,2.2732240234567844,0.27450980392156865,28.170396399433045,-82.74936230108786,14.6828614962101,2.8727364813130762
88441ab8adfffff,15,3.5788817746410073,0.9333333333333333,28.165329991793865,-82.73984682501197,15.963579713106157,13.49319085517367
88441ab8c1fffff,213,2.9699526576384327,0.48826291079812206,28.144385396980574,-82.77033422701797,8.697278826832772,3.141496376955627
88441ab8c3fffff,254,2.5160084379640058,0.41338582677165353,28.15173546550001,-82.77514446840263,5.3548772256573045,3.24017239742079
88441ab8c5fffff,243,2.4153190876458916,0.30864197530864196,28.143243738852124,-82.76050099454592,4.082306525011858,4.291788120605334
88441ab8c7fffff,143,3.5704559402859863,0.5944055944055944,28.15006492077918,-82.76575636441372,4.692955280542374,5.656501003797996
88441ab8c9fffff,410,2.4289415448726657,0.35365853658536583,28.136749359903334,-82.77578915843468,8.99251521686713,2.43781168884522
88441ab8cbfffff,252,1.6785574703162696,0.21428571428571427,28.14615738745491,-82.7798284659101,10.825060266455015,2.01229258271234
88441ab8cdfffff,181,2.4504353611710945,0.3370165745856354,28.137908730174576,-82.76691848851839,8.363952641884486,3.0637520876705286
88441ab8d1fffff,233,3.7355443777677246,0.6738197424892703,28.16057199201959,-82.7860118934129,6.307409561276436,4.412941192904215
88441ab8d3fffff,168,6.654420674151475,0.8571428571428571,28.166755300973126,-82.79007907840668,5.794797930469116,14.044949585056113
88441ab8d5fffff,245,2.369863334332199,0.3673469387755102,28.15805736821071,-82.77901874738319,18.267837481101356,3.0573158681915835
88441ab8d7fffff,88,2.703718391210007,0.4659090909090909,28.166118647190764,-82.78257929468315,7.683877520561219,3.4609193475675792
88441ab8d9fffff,20,8.819211538206822,0.95,28.151406786638177,-82.78832164796763,5.444696239531041,16.170651767229664
88441ab8dbfffff,39,7.137955949888634,0.6923076923076923,28.162634961780622,-82.79586449683681,3.949415028194587,13.803823260689143
88441ab8ddfffff,424,1.6226125059729328,0.14386792452830188,28.152293474065676,-82.78309634715764,13.458603314161302,2.334969244818625
88441ab8e1fffff,354,2.3613292896873928,0.3163841807909605,28.150297398008313,-82.74797560941278,16.569186723629635,2.6255215708148807
88441ab8e3fffff,27,3.537423845143394,0.6666666666666666,28.155873670832715,-82.75099755158702,7.100116116205852,6.208664740442917
88441ab8e5fffff,55,2.0852108407003924,0.38181818181818183,28.151100015246676,-82.73679740039881,16.128077252705893,3.115939347634894
88441ab8e7fffff,98,1.850290093991525,0.19387755102040816,28.15568188775868,-82.74589845281349,3.9724881199498974,2.015743936845241
88441ab8e9fffff,314,2.4407322852594877,0.3662420382165605,28.142888144678686,-82.7515869264675,13.185983008742333,3.6109160272172485
88441ab8ebfffff,383,2.8517923720907685,0.4308093994778068,28.150326849751153,-82.75724237717638,10.544232996702195,4.599416731337376
88441ab8edfffff,321,1.6688750553344516,0.11214953271028037,28.140183081596373,-82.74503143223468,13.547994458278021,1.8372107298291342
88441ab901fffff,186,1.7884693944945567,0.026881720430107527,28.108193994672185,-82.67784459857924,17.45280738870303,2.662434406432419
88441ab903fffff,221,1.8870609119490362,0.05429864253393665,28.116026869081647,-82.68014911928175,17.94564607858658,2.860078283811463
88441ab907fffff,28,1.6052065323396585,0.0,28.11514452828973,-82.67497396349383,18.69672958870729,2.263369888880443
88441ab909fffff,165,1.7896301355690274,0.14545454545454545,28.102086976615844,-82.68042808027012,15.683665284315746,3.0089336836905005
88441ab90bfffff,94,1.8344487324570404,0.06382978723404255,28.10887302870029,-82.682845073524,16.45913815279802,2.5174250396005493
88441ab90dfffff,93,1.973555024324516,0.07526881720430108,28.099866425001913,-82.67386403790262,19.166872408390045,2.258873910524244
88441ab911fffff,56,4.439311272047371,0.6964285714285714,28.1244932304695,-82.6933490518578,17.60808578213056,18.60696005292617
88441ab913fffff,100,2.588561034824245,0.33,28.13155596891846,-82.69826625145693,20.503099490801496,8.457929277263222
88441ab915fffff,53,1.884015833640624,0.1320754716981132,28.124100604785227,-82.68282583201596,16.743441570997238,2.9294524812894904
88441ab917fffff,130,1.7015628589318492,0.13076923076923078,28.13223985619863,-82.68699726323416,18.467752780715628,2.6793476787321104
88441ab919fffff,202,1.8913874797925563,0.10891089108910891,28.116966408128704,-82.69745950667757,18.532565271258356,3.0471932126594723
88441ab91bfffff,129,1.934183252689632,0.12403100775193798,28.123696256113128,-82.700105306098,19.381871094703676,3.895360364771901
88441ab91dfffff,54,1.7560254521814804,0.12962962962962962,28.117599204853107,-82.69143895211934,17.199129902124405,2.9242307364178552
88441ab931fffff,16,4.40714149619074,0.875,28.13347695197902,-82.66943470557337,21.086170202294987,5.057347504277435
88441ab933fffff,43,1.9020338864855795,0.27906976744186046,28.137361951574988,-82.67431698221317,20.535314094225566,4.0456342482255545
88441ab937fffff,85,2.0790472874334385,0.24705882352941178,28.13885521344321,-82.66551136106311,25.20367507696152,2.729635478408917
88441ab939fffff,13,1.784279596453664,0.15384615384615385,28.121665236787656,-82.6776758546461,18.829266743659975,3.7484693498405934
88441ab93bfffff,53,2.1676420769524762,0.20754716981132076,28.131209601766948,-82.67894169415673,17.94678810755412,3.540600498755426
88441ab941fffff,272,1.7547811873678336,0.05514705882352941,28.087799066167882,-82.68238977951168,13.09234249999126,2.718661548030865
88441ab943fffff,145,1.6480510192539832,0.1310344827586207,28.09426070668601,-82.68484310819345,13.055778408845267,2.331702736259214
88441ab947fffff,126,1.8188036522584548,0.047619047619047616,28.0958728479351,-82.67875864204946,16.696547202070555,2.5065729033124633
88441ab949fffff,129,2.167226975509278,0.21705426356589147,28.08097627701883,-82.68652690571685,11.444427161614101,3.5087497575727147
88441ab94bfffff,175,1.9871219282598753,0.1657142857142857,28.088019051870603,-82.69008316682566,10.297660338282586,2.6346973892657877
88441ab94dfffff,16,1.9821701415701054,0.0625,28.0806869657054,-82.68177561957478,12.878241401513417,3.6216089214702887
88441ab951fffff,178,1.3980029909244265,0.07303370786516854,28.102998271526257,-82.69771676948442,13.349672523736956,2.148057665797264
88441ab953fffff,110,2.0533630165095147,0.11818181818181818,28.109819456535302,-82.70221478790168,15.145639793475471,3.1750104237928163
88441ab955fffff,103,1.9664051136888865,0.3786407766990291,28.1034347562753,-82.6899069444569,16.55329844117165,3.7229973375597143
88441ab957fffff,162,1.8104389913541266,0.10493827160493827,28.109564076957888,-82.69370979038395,17.34564204990864,3.21751306000177
88441ab959fffff,210,1.3975108704222179,0.009523809523809525,28.094182979899262,-82.70255673972378,8.123652929564317,1.7515545040713094
88441ab95bfffff,160,2.1094969647684616,0.15,28.10485144756986,-82.70535979542066,11.75981527854999,3.484664623916502
88441ab95dfffff,210,1.476916869854576,0.009523809523809525,28.09631954167247,-82.6954430694307,9.907100511193276,2.122444221012006
88441ab981fffff,69,2.125291094171401,0.2463768115942029,28.16052344320631,-82.70229671062765,15.69826291759809,3.517988125777101
88441ab983fffff,56,2.762816288401229,0.2857142857142857,28.17132326332669,-82.70548438545575,15.603285218079886,3.6974673213387765
88441ab985fffff,94,1.8422235302324665,0.0851063829787234,28.161608435677433,-82.69372167491572,21.831563122868538,3.2902660045085574
88441ab987fffff,3,2.0534809528219062,0.0,28.171074183236517,-82.70212460244885,16.93515068848928,3.5969923759365674
88441ab989fffff,72,2.8008460193944007,0.4722222222222222,28.155210722993555,-82.70831940100173,23.250019419789314,4.539538649159627
88441ab98bfffff,38,2.8479254540302383,0.42105263157894735,28.16218912274254,-82.71130224668676,11.961059946815173,3.787058755260065
88441ab98dfffff,35,2.344753248409655,0.34285714285714286,28.153382448535872,-82.7001218130302,17.379315478007,4.385790105265781
88441ab995fffff,5,2.5892946419854854,0.2,28.172909841394773,-82.71088562345696,13.546350249449413,3.4331288006529057
88441ab999fffff,1,6.797527105009285,1.0,28.172672499999997,-82.7223395,3.9458852982521058,28.841580845127687
88441ab99dfffff,20,3.303280332584441,0.55,28.169824068406353,-82.71425306486661,6.625179317047199,5.2287151854973
88441ab9a1fffff,12,1.991945868721893,0.0,28.165230734622522,-82.68493200129218,24.76966574092706,2.8783429595893812
88441ab9a9fffff,146,1.9501740543795592,0.0821917808219178,28.16173429705288,-82.68677625669116,22.80933781862259,2.941243918114952
88441ab9abfffff,152,1.8419238209740139,0.08552631578947369,28.166113040533997,-82.6890285852947,22.37323293765386,3.0358817577068393
88441ab9b9fffff,26,2.544865192171269,0.2692307692307692,28.172686655137053,-82.70399510935923,16.303766676187514,3.3056553731319793
88441ab9c1fffff,85,2.988409493821727,0.49411764705882355,28.139120217425603,-82.70921914716357,14.110720627705257,4.031160337873407
88441ab9c3fffff,78,3.2778478184942683,0.5641025641025641,28.14738940910296,-82.7130831068245,17.56029890974363,3.8168301793864465
88441ab9c5fffff,96,2.7046869551777815,0.40625,28.139283356546017,-82.70071609496013,20.517016599973047,6.7265374944595635
88441ab9c7fffff,55,3.611314207553808,0.6727272727272727,28.147459828792332,-82.70307414045377,19.12841106295586,4.902642042519828
88441ab9c9fffff,122,2.095017909732893,0.21311475409836064,28.131840774812943,-82.71363393106687,17.825643864870074,3.9866149564659166
88441ab9cbfffff,13,1.8436078121564758,0.23076923076923078,28.139783243825338,-82.71385179565638,4.666884949405988,3.1590935644024363
88441ab9cdfffff,72,2.957993834670965,0.5,28.133361401589124,-82.705394389599,17.52439148525397,4.38846534465463
88441ab9d1fffff,60,4.427174984972316,0.7666666666666667,28.154770675506615,-82.72518304295822,15.646580631335578,4.898578715261253
88441ab9d3fffff,39,4.116865337898746,0.6153846153846154,28.16259083757949,-82.73194306933208,7.209771234591802,4.888619521587932
88441ab9d5fffff,36,2.530272248564227,0.3333333333333333,28.15435053812348,-82.71533525392866,17.932602699796362,3.6238238564451133
88441ab9d7fffff,50,4.441717731054964,0.88,28.162019484480535,-82.72165126951046,5.346689621061087,6.136894285660501
88441ab9d9fffff,214,3.771029877423505,0.5841121495327103,28.14849936610262,-82.73027568232926,18.24260176976522,3.5575569707411
88441ab9dbfffff,218,2.361151874127761,0.38073394495412843,28.15503267724612,-82.73449176189858,12.784730739891529,2.3392548635483905
88441ab9ddfffff,35,3.7354492232846974,0.6,28.151024507784527,-82.72311387833989,6.6597693016131725,3.4893535136860483
88441ab9e1fffff,78,1.843607838323915,0.15384615384615385,28.143894452341492,-82.68639637640166,20.625320838888488,2.7875220656853426
88441ab9e3fffff,28,1.8422183710206628,0.03571428571428571,28.153925977461405,-82.68738797327391,21.200786106785138,3.8204590920237145
88441ab9e5fffff,44,2.086730095836831,0.22727272727272727,28.145471852851543,-82.67841715428361,21.16072357416153,3.342263264535069
88441ab9e7fffff,23,2.7036700989514775,0.34782608695652173,28.15303532673172,-82.68513351905057,22.15164490063985,5.6114812161444325
88441ab9e9fffff,289,1.7031822073288458,0.058823529411764705,28.139490017211656,-82.69153522396353,20.522224564949674,2.5220200248262294
88441ab9ebfffff,68,1.799911693963875,0.17647058823529413,28.144734663803103,-82.69526573387895,24.38112167318662,3.0855761588273887
88441ab9edfffff,95,1.5790144929307037,0.10526315789473684,28.138255102780914,-82.68397500594982,19.96030563791593,2.892663069610232
88441aba01fffff,297,2.104325991923903,0.21212121212121213,28.062718667646475,-82.76977471142952,11.6069245860974,2.9463178838678195
88441aba03fffff,259,2.7044948530832014,0.4671814671814672,28.071570108363183,-82.77534523767427,6.8168475639820105,4.648352072882959
88441aba05fffff,315,1.9416260929120202,0.14603174603174604,28.063483804061246,-82.76351386917689,36.844191741148634,2.1827601867481157
88441aba07fffff,281,2.493362078448079,0.3487544483985765,28.071450200971203,-82.76543032781578,23.664939663410188,2.7591439162850993
88441aba09fffff,66,2.135702819221976,0.2878787878787879,28.057336177836365,-82.77454116525298,5.455510706305504,4.239663232680626
88441aba0bfffff,286,3.96358095376568,0.5979020979020979,28.065206969637757,-82.77947327165823,4.9348964639504755,9.649074983109891
88441aba0dfffff,587,2.0630748466468773,0.20442930153321975,28.057803254556813,-82.76728909529653,19.007610993385317,3.920378557379128
88441aba11fffff,4,12.046832404722995,1.0,28.08180936904615,-82.78324034305382,4.322756030857564,25.27532750754125
88441aba15fffff,40,10.415084658728265,0.975,28.08046834733854,-82.77949196179597,3.8402497698366647,19.074894699857353
88441aba17fffff,146,1.9915166941850089,0.3767123287671233,28.08757708847474,-82.78033562851259,5.274613317847252,3.955100374996294
88441aba1dfffff,6,2.3423173492291327,0.3333333333333333,28.070006364221285,-82.77973372057413,8.102990027368069,6.472204613362251
88441aba21fffff,58,1.816711186116115,0.1206896551724138,28.073361355588958,-82.74748463448515,57.65261032978694,2.3307865656095856
88441aba23fffff,98,2.2508159000529067,0.29591836734693877,28.078457900596757,-82.75112082755739,69.56911941369376,3.090379919199036
88441aba25fffff,107,1.6932641854560546,0.1308411214953271,28.070813686167373,-82.74124284051331,70.89092564264934,4.222783796956507
88441aba27fffff,205,1.6011907568642507,0.08780487804878048,28.0759626903185,-82.74461106501926,63.91753406683604,2.3263341846927537
88441aba29fffff,206,2.067728239189428,0.1796116504854369,28.061363999469588,-82.75463077279173,53.74889562447866,2.2760158045658025
88441aba2bfffff,20,2.1242419940638877,0.3,28.07022594232719,-82.76145241662309,42.50153885881106,2.1035354113212223
88441aba2dfffff,135,2.7481240946348406,0.42962962962962964,28.06118592487563,-82.74340826217957,60.472386231422426,3.225647645408542
88441aba31fffff,306,1.9816316644683865,0.28104575163398693,28.085729125219213,-82.76541429908458,15.978517608443896,2.9245356137380965
88441aba33fffff,376,2.0098121429359237,0.21010638297872342,28.09296525947838,-82.768395432643,18.154638161857925,2.2597425133007802
88441aba35fffff,178,2.616822669558337,0.38764044943820225,28.08667457587415,-82.7559362828383,46.41122496763865,2.248686457280016
88441aba37fffff,366,3.4636830657441964,0.5956284153005464,28.092252000048376,-82.76052517499015,21.304829638997717,3.066782243611237
88441aba39fffff,216,5.077085100618598,0.6666666666666666,28.078329889351068,-82.7694746403895,5.330733677297831,14.506065286075886
88441aba3bfffff,417,2.611488021573112,0.42685851318944845,28.08717765461905,-82.774455413753,3.9494072060783707,3.9430120911243307
88441aba3dfffff,210,2.1277844916179207,0.3,28.07840771629651,-82.7630450417304,44.11736279209455,2.4924642930635965
88441aba41fffff,228,1.908739910841697,0.2719298245614035,28.042872069957344,-82.77584714060677,25.775276219447456,1.724587721513999
88441aba43fffff,139,1.142971114228551,0.22302158273381295,28.049669680319187,-82.78301381375586,4.805952398081621,1.6086675086621005
88441aba45fffff,413,1.8916777964025275,0.16707021791767554,28.042661606631935,-82.76762067433631,28.069848643143974,1.7132015757167727
88441aba47fffff,264,2.9471708533709924,0.48484848484848486,28.049696794543358,-82.77184233913917,19.081727108955384,3.3918632484281934
88441aba49fffff,328,1.2832963358725222,0.09451219512195122,28.037552182865788,-82.78232268281899,4.927044037034115,1.6391428470510492
88441aba4bfffff,320,1.847952681103608,0.403125,28.043473510282922,-82.78486671369878,4.772805398404598,2.1730043251945697
88441aba4dfffff,426,1.4504205556539524,0.05868544600938967,28.034791350412043,-82.77231697122022,17.137066885431608,1.6384494275122157
88441aba55fffff,23,9.737520776480766,1.0,28.058712450855843,-82.78170916432127,4.617009180883567,20.34852231065939
88441aba57fffff,18,1.8350903204091464,0.4444444444444444,28.06504884451313,-82.78496140229122,4.981073935925961,5.975809449789427
88441aba5dfffff,129,1.8212362338138932,0.3875968992248062,28.051245433971825,-82.78828111270796,5.861965464651585,8.91903749332321
88441aba61fffff,158,2.893679474516125,0.46835443037974683,28.048247024524475,-82.7546702786423,30.56971876462301,3.666344809506594
88441aba63fffff,358,1.621879069600939,0.18435754189944134,28.056421002160228,-82.75931068867656,34.597941222588226,2.867368124567036
88441aba65fffff,162,2.653382758007136,0.36419753086419754,28.04587002122358,-82.74721082066355,57.261492003599805,3.1348915411596963
88441aba67fffff,211,2.5778753186731858,0.3744075829383886,28.05583453668558,-82.75148804365736,42.00874397277832,2.740945314808325
88441aba69fffff,285,2.185752389793418,0.2982456140350877,28.041713774832104,-82.76005198670626,44.99016859928767,2.528761565175815
88441aba6bfffff,310,2.168960271769099,0.2032258064516129,28.04959030720583,-82.76364960635284,24.94293578386307,2.5121195411215584
88441aba6dfffff,181,2.4345847214546508,0.287292817679558,28.041109932638097,-82.75037964267108,35.26343904813131,3.037153677388863
88441abaa1fffff,309,1.98197344647106,0.2588996763754045,28.122056065360933,-82.77501047518672,7.516636764804523,2.0007436634022664
88441abaa3fffff,191,1.8453326025820473,0.2617801047120419,28.131934939560722,-82.7786595382003,7.049533619483312,2.003266593910636
88441abaa5fffff,479,2.3623661534598295,0.3653444676409186,28.12248749822011,-82.76772694121989,9.595422815084458,3.3389772213964166
88441abaa7fffff,454,2.1878524120212672,0.2665198237885463,28.129409305801776,-82.77097103655564,13.922032411495845,2.58387656730331
88441abaa9fffff,3,3.5267922520625685,0.6666666666666666,28.118959663221542,-82.77814537061751,4.872275339265665,6.935336498878687
88441abaabfffff,15,7.384597243079625,0.8666666666666667,28.124208936376355,-82.78164569322226,5.455691397190094,19.456033167378667
88441abaadfffff,142,4.246865339758286,0.6408450704225352,28.117617692393512,-82.77100045593936,5.681904260416826,6.524060391641268
88441abab5fffff,131,3.3237802700129895,0.5343511450381679,28.138746386055953,-82.78154134946605,9.103296719988188,3.3666276585194512
88441abab7fffff,115,2.542048075913699,0.40869565217391307,28.146389504049665,-82.78494569985634,10.158851410547893,5.894686090753048
88441abae1fffff,68,2.056531076336273,0.4264705882352941,28.10180325872669,-82.78047355872289,5.022736286868652,7.705566147879559
88441abae3fffff,7,1.532991389697831,0.2857142857142857,28.10605859408665,-82.7826967799233,5.416130262215932,10.19237951193643
88441abae5fffff,243,2.897420529614319,0.49382716049382713,28.10055275463192,-82.77279572899597,9.81854085803032,4.277112347872755
88441abae7fffff,7,10.087453848420292,0.8571428571428571,28.10519931484297,-82.7758840514923,4.74591843833526,19.5325441266379
88441abaedfffff,278,2.80485029658714,0.4676258992805755,28.092828185016565,-82.7776783956771,7.425728130141895,4.9873148678256864
88441abb01fffff,29,4.231624538301485,0.8275862068965517,28.06066899913249,-82.71265378573408,19.489016878207526,17.86958070528186
88441abb03fffff,298,2.386000297338004,0.3187919463087248,28.06754691411121,-82.71466156520981,11.641158468822638,2.992473915765243
88441abb05fffff,128,2.9559882375567534,0.484375,28.05933712662029,-82.70119581703834,9.10452401002248,13.762656378479939
88441abb07fffff,183,1.7381716439048613,0.18579234972677597,28.06714223217205,-82.70463571789787,9.588213952779771,2.471233291397102
88441abb09fffff,345,1.8300825121608209,0.1391304347826087,28.05377465690355,-82.71519475693846,19.195135278701784,2.830511818108219
88441abb0bfffff,219,2.8275095065314413,0.4794520547945205,28.06024877813604,-82.71940815778206,18.097327862977984,5.093380431343536
88441abb0dfffff,58,2.197297513101968,0.39655172413793105,28.05095673250176,-82.70375306713296,12.094981225232283,9.811273326902803
88441abb11fffff,471,1.6519145636309622,0.050955414012738856,28.07559203387009,-82.72656320555039,55.70279767831167,2.24285316308716
88441abb13fffff,251,1.6300398941789174,0.07569721115537849,28.081804760632995,-82.7310314887074,71.43915586630504,1.8810459950585958
88441abb15fffff,449,2.039657029915751,0.1714922048997773,28.07473105515562,-82.71795879895909,35.666077787081406,2.7830329134520966
88441abb17fffff,360,2.1667184395463615,0.2916666666666667,28.083040562662582,-82.72150958335642,52.027466864585875,2.356763310143281
88441abb19fffff,403,2.4343127819013977,0.34491315136476425,28.0692248022429,-82.73090496661176,46.82728958686193,3.108082977703183
88441abb1bfffff,244,1.6510106237421178,0.11065573770491803,28.07643420114667,-82.73325466387487,62.443669027487445,2.2015199759278916
88441abb1dfffff,477,2.0650316143070064,0.22851153039832284,28.069086226336648,-82.72362973084088,44.43462313254675,2.7091481251920606
88441abb21fffff,205,2.2292403193072245,0.14634146341463414,28.06650409583643,-82.68797909198616,10.76174884001414,4.950945937543407
88441abb23fffff,303,2.0465666121536557,0.16501650165016502,28.07234920182115,-82.69156637861906,11.252936281164487,3.091731428174526
88441abb25fffff,54,2.21596147919875,0.2962962962962963,28.065092895904634,-82.68166654018441,11.458465122481186,2.705515707437539
88441abb27fffff,127,2.551123008425163,0.3779527559055118,28.072565369562167,-82.68263158693166,12.070226965149244,3.77298483520979
88441abb29fffff,185,1.9415485383476132,0.15675675675675677,28.05830831700333,-82.69190951576286,9.978497659166655,3.915753507672642
88441abb2bfffff,158,1.7825924860849676,0.1518987341772152,28.067229488727897,-82.69724932811963,9.226852521101634,2.4368007997203405
88441abb2dfffff,236,1.6080844397964502,0.1016949152542373,28.05768692078597,-82.68414722160985,10.615440458357334,3.4442922304073713
88441abb31fffff,79,2.4276580304202398,0.3670886075949367,28.079649197887537,-82.70306367681611,8.065200992822648,4.243122859665649
88441abb35fffff,166,2.3067778283008114,0.25903614457831325,28.080738810821853,-82.69570702024093,8.582144707143307,4.352800445570483
88441abb37fffff,116,1.3182682190118975,0.12931034482758622,28.089814038614136,-82.69849965517034,7.998376262883346,1.868749102900038
88441abb39fffff,241,2.133552021622711,0.17842323651452283,28.07520517564072,-82.70723594347099,9.634413717786472,3.355857396379495
88441abb3bfffff,258,2.512816392213325,0.38372093023255816,28.081974106463232,-82.71376399672393,23.969627516468368,2.6698975165519565
88441abb3dfffff,191,1.732350571254409,0.225130890052356,28.073893719992967,-82.70082732326355,8.388663489222527,4.169849081533764
88441abb41fffff,37,3.082687615803019,0.5135135135135135,28.040478233914527,-82.71315871198955,46.059145259062454,3.837923509854411
88441abb43fffff,50,2.526708142081068,0.34,28.046220233405926,-82.71690508133423,54.13267054796219,2.0734271755592086
88441abb45fffff,276,3.537188897844661,0.605072463768116,28.037681197319667,-82.70460959956306,21.202930148839954,2.6165026542059673
88441abb47fffff,175,2.7235398927020156,0.4,28.044588021545465,-82.71262281838405,33.8925537331899,2.550772189674799
88441abb4dfffff,3,3.0652564776257245,0.6666666666666666,28.034859765368832,-82.71108422265421,51.12200372219086,5.690671427288468
88441abb51fffff,397,1.925660352910228,0.23929471032745592,28.053935113255367,-82.73206407130121,59.31111485799154,2.4023284839252828
88441abb53fffff,336,4.2209037685958215,0.5267857142857143,28.062179405630218,-82.73481423456721,65.53041062672933,4.286884441705965
88441abb55fffff,594,2.1498553000043668,0.2474747474747475,28.05376007035894,-82.72376582592037,60.19499521732331,2.488086662223501
88441abb57fffff,644,2.1730898258847615,0.2670807453416149,28.06101965024833,-82.72708760036905,47.853724885384246,2.43134830569784
88441abb59fffff,44,1.2401114287785329,0.06818181818181818,28.046562010845204,-82.73594969826542,65.39596096436182,1.6549196355577367
88441abb5bfffff,117,2.2334671790284846,0.28205128205128205,28.055774104145915,-82.74232498373401,60.788581199645996,2.845477492091409
88441abb5dfffff,165,1.971256436740205,0.2909090909090909,28.049278580374548,-82.7283458659633,71.06743638833365,2.3013210271555073
88441abb61fffff,565,1.3160345484902973,0.02831858407079646,28.044140988911927,-82.69385427450061,8.990169364213944,2.022738826649624
88441abb63fffff,203,1.568335053628409,0.10344827586206896,28.051565994215576,-82.69754808056418,9.349120019674302,2.3468380523242116
88441abb65fffff,224,2.0587179798679864,0.20535714285714285,28.04363121193497,-82.68552971917715,9.035348734160266,6.7975381594157405
88441abb67fffff,122,1.8802463053786869,0.19672131147540983,28.051620029299574,-82.6892173980799,9.25877105742693,3.352880628312078
88441abb69fffff,379,2.268724930016127,0.23482849604221637,28.036343213367555,-82.69983696061614,9.838767286141714,2.0054002819821086
88441abb6bfffff,622,1.7793945240951636,0.08842443729903537,28.04584977589481,-82.70130415514517,8.503049032390118,2.0437394876507833
88441abb6dfffff,331,1.6726090813035832,0.11178247734138973,28.038023859689012,-82.68909350520548,7.949574470917384,2.3197622817009202
